"Jurisdiction","Current date","Outdated coding in days (avg.)","Flagged days (total)","Forgotten boxes (total)","C1: School closing","C2: Workplace closing","C3: Cancel public events","C4: Restrictions on gatherings","C5: Close public transport","C6: Stay at home requirements","C7: Restrictions on internal movement","C8: International travel controls","E1: Income support","E2: Debt/contract relief","E3: Fiscal measures","E4: International support","H1: Public information campaigns","H2: Testing policy","H3: Contact tracing","H4: Emergency investment in healthcare","H5: Investment in vaccines","H6: Facial Coverings","H7: Vaccination policy","H8: Protection of elderly people","Missing days (avg.)"
"Distrito Federal",2022-03-17,Inf,0,"-Inf",,,,,,,,,,,,,,,,,,,,,807
"Santa Catarina",2022-03-17,431.625,0,"72",2020-12-29,2020-12-29,2020-12-29,2020-12-29,2020-12-29,2020-12-29,2020-12-29,2020-12-29,2020-12-29,2020-12-29,,,2020-12-29,2021-03-29,2020-12-29,,,2020-12-29,2021-04-02,2020-12-27,436.125
"Acre",2022-03-17,155.625,0,"2",2021-12-22,2021-12-23,2021-12-22,2021-12-22,2021-12-22,2021-12-22,2021-07-12,2021-12-23,2021-12-22,2021-12-31,,,2021-07-12,2021-07-12,2021-07-12,,,2021-07-12,2021-07-12,2021-07-12,155.75
"Alagoas",2022-03-17,155.625,0,"63",2021-12-22,2021-12-23,2021-12-22,2021-12-22,2021-12-22,2021-12-22,2021-07-12,2021-12-23,2021-12-22,2021-12-31,,,2021-07-12,2021-07-12,2021-07-12,,,2021-07-12,2021-07-12,2021-07-12,159.5625
"Amazonas",2022-03-17,155.625,0,"1",2021-12-22,2021-12-23,2021-12-22,2021-12-22,2021-12-22,2021-12-22,2021-07-12,2021-12-23,2021-12-22,2021-12-31,,,2021-07-12,2021-07-12,2021-07-12,,,2021-07-12,2021-07-12,2021-07-12,155.6875
"Amapa",2022-03-17,155.625,0,"1",2021-12-22,2021-12-23,2021-12-22,2021-12-22,2021-12-22,2021-12-22,2021-07-12,2021-12-23,2021-12-22,2021-12-31,,,2021-07-12,2021-07-12,2021-07-12,,,2021-07-12,2021-07-12,2021-07-12,155.6875
"Bahia",2022-03-17,155.625,0,"1",2021-12-22,2021-12-23,2021-12-22,2021-12-22,2021-12-22,2021-12-22,2021-07-12,2021-12-23,2021-12-22,2021-12-31,,,2021-07-12,2021-07-12,2021-07-12,,,2021-07-12,2021-07-12,2021-07-12,155.6875
"Ceara",2022-03-17,155.625,0,"1",2021-12-22,2021-12-23,2021-12-22,2021-12-22,2021-12-22,2021-12-22,2021-07-12,2021-12-23,2021-12-22,2021-12-31,,,2021-07-12,2021-07-12,2021-07-12,,,2021-07-12,2021-07-12,2021-07-12,155.6875
"Espirito Santo",2022-03-17,155.625,0,"3",2021-12-22,2021-12-23,2021-12-22,2021-12-22,2021-12-22,2021-12-22,2021-07-12,2021-12-23,2021-12-22,2021-12-31,,,2021-07-12,2021-07-12,2021-07-12,,,2021-07-12,2021-07-12,2021-07-12,155.8125
"Goias",2022-03-17,155.625,0,"1",2021-12-22,2021-12-23,2021-12-22,2021-12-22,2021-12-22,2021-12-22,2021-07-12,2021-12-23,2021-12-22,2021-12-31,,,2021-07-12,2021-07-12,2021-07-12,,,2021-07-12,2021-07-12,2021-07-12,155.6875
"Maranhao",2022-03-17,155.625,0,"3",2021-12-22,2021-12-23,2021-12-22,2021-12-22,2021-12-22,2021-12-22,2021-07-12,2021-12-23,2021-12-22,2021-12-31,,,2021-07-12,2021-07-12,2021-07-12,,,2021-07-12,2021-07-12,2021-07-12,155.8125
"Minas Gerais",2022-03-17,155.625,0,"73",2021-12-22,2021-12-23,2021-12-22,2021-12-22,2021-12-22,2021-12-22,2021-07-12,2021-12-23,2021-12-22,2021-12-31,,,2021-07-12,2021-07-12,2021-07-12,,,2021-07-12,2021-07-12,2021-07-12,160.1875
"Mato Grosso do Sul",2022-03-17,155.625,0,"21",2021-12-22,2021-12-23,2021-12-22,2021-12-22,2021-12-22,2021-12-22,2021-07-12,2021-12-23,2021-12-22,2021-12-31,,,2021-07-12,2021-07-12,2021-07-12,,,2021-07-12,2021-07-12,2021-07-12,156.9375
"Mato Grosso",2022-03-17,155.625,0,"3",2021-12-22,2021-12-23,2021-12-22,2021-12-22,2021-12-22,2021-12-22,2021-07-12,2021-12-23,2021-12-22,2021-12-31,,,2021-07-12,2021-07-12,2021-07-12,,,2021-07-12,2021-07-12,2021-07-12,155.8125
"Para",2022-03-17,155.625,0,"1",2021-12-22,2021-12-23,2021-12-22,2021-12-22,2021-12-22,2021-12-22,2021-07-12,2021-12-23,2021-12-22,2021-12-31,,,2021-07-12,2021-07-12,2021-07-12,,,2021-07-12,2021-07-12,2021-07-12,155.6875
"Paraiba",2022-03-17,155.625,0,"1",2021-12-22,2021-12-23,2021-12-22,2021-12-22,2021-12-22,2021-12-22,2021-07-12,2021-12-23,2021-12-22,2021-12-31,,,2021-07-12,2021-07-12,2021-07-12,,,2021-07-12,2021-07-12,2021-07-12,155.6875
"Pernambuco",2022-03-17,155.625,0,"1",2021-12-22,2021-12-23,2021-12-22,2021-12-22,2021-12-22,2021-12-22,2021-07-12,2021-12-23,2021-12-22,2021-12-31,,,2021-07-12,2021-07-12,2021-07-12,,,2021-07-12,2021-07-12,2021-07-12,155.6875
"Piaui",2022-03-17,155.625,0,"1",2021-12-22,2021-12-23,2021-12-22,2021-12-22,2021-12-22,2021-12-22,2021-07-12,2021-12-23,2021-12-22,2021-12-31,,,2021-07-12,2021-07-12,2021-07-12,,,2021-07-12,2021-07-12,2021-07-12,155.6875
"Parana",2022-03-17,155.625,0,"2",2021-12-22,2021-12-23,2021-12-22,2021-12-22,2021-12-22,2021-12-22,2021-07-12,2021-12-23,2021-12-22,2021-12-31,,,2021-07-12,2021-07-12,2021-07-12,,,2021-07-12,2021-07-12,2021-07-12,155.75
"Rio de Janeiro",2022-03-17,155.625,0,"28",2021-12-22,2021-12-23,2021-12-22,2021-12-22,2021-12-22,2021-12-22,2021-07-12,2021-12-23,2021-12-22,2021-12-31,,,2021-07-12,2021-07-12,2021-07-12,,,2021-07-12,2021-07-12,2021-07-12,157.375
"Rio Grande do Norte",2022-03-17,155.625,0,"72",2021-12-22,2021-12-23,2021-12-22,2021-12-22,2021-12-22,2021-12-22,2021-07-12,2021-12-23,2021-12-22,2021-12-31,,,2021-07-12,2021-07-12,2021-07-12,,,2021-07-12,2021-07-12,2021-07-12,160.125
"Rondonia",2022-03-17,155.625,0,"1",2021-12-22,2021-12-23,2021-12-22,2021-12-22,2021-12-22,2021-12-22,2021-07-12,2021-12-23,2021-12-22,2021-12-31,,,2021-07-12,2021-07-12,2021-07-12,,,2021-07-12,2021-07-12,2021-07-12,155.6875
"Roraima",2022-03-17,155.625,0,"1",2021-12-22,2021-12-23,2021-12-22,2021-12-22,2021-12-22,2021-12-22,2021-07-12,2021-12-23,2021-12-22,2021-12-31,,,2021-07-12,2021-07-12,2021-07-12,,,2021-07-12,2021-07-12,2021-07-12,155.6875
"Rio Grande do Sul",2022-03-17,155.625,0,"2",2021-12-22,2021-12-23,2021-12-22,2021-12-22,2021-12-22,2021-12-22,2021-07-12,2021-12-23,2021-12-22,2021-12-31,,,2021-07-12,2021-07-12,2021-07-12,,,2021-07-12,2021-07-12,2021-07-12,155.75
"Sergipe",2022-03-17,155.625,0,"5",2021-12-22,2021-12-23,2021-12-22,2021-12-22,2021-12-22,2021-12-22,2021-07-12,2021-12-23,2021-12-22,2021-12-31,,,2021-07-12,2021-07-12,2021-07-12,,,2021-07-12,2021-07-12,2021-07-12,155.9375
"Sao Paulo",2022-03-17,155.625,0,"4",2021-12-22,2021-12-23,2021-12-22,2021-12-22,2021-12-22,2021-12-22,2021-07-12,2021-12-23,2021-12-22,2021-12-31,,,2021-07-12,2021-07-12,2021-07-12,,,2021-07-12,2021-07-12,2021-07-12,155.875
"Tocantins",2022-03-17,155.625,0,"3",2021-12-22,2021-12-23,2021-12-22,2021-12-22,2021-12-22,2021-12-22,2021-07-12,2021-12-23,2021-12-22,2021-12-31,,,2021-07-12,2021-07-12,2021-07-12,,,2021-07-12,2021-07-12,2021-07-12,155.8125
"National Government",2022-03-17,10,6,"0",2022-03-07,2022-03-07,2022-03-07,2022-03-07,2022-03-07,2022-03-07,2022-03-07,2022-03-07,2022-03-07,2022-03-07,2021-06-21,2021-06-21,2022-03-07,2022-03-07,2022-03-07,2021-06-21,2022-03-07,2022-03-07,2022-03-07,2022-03-07,10
