"Jurisdiction","Current date","Outdated coding in days (avg.)","Flagged days (total)","Forgotten boxes (total)","C1: School closing","C2: Workplace closing","C3: Cancel public events","C4: Restrictions on gatherings","C5: Close public transport","C6: Stay at home requirements","C7: Restrictions on internal movement","C8: International travel controls","E1: Income support","E2: Debt/contract relief","E3: Fiscal measures","E4: International support","H1: Public information campaigns","H2: Testing policy","H3: Contact tracing","H4: Emergency investment in healthcare","H5: Investment in vaccines","H6: Facial Coverings","H7: Vaccination policy","H8: Protection of elderly people","Missing days (avg.)"
"Jiangxi",2022-07-24,33,0,"20",2022-06-21,2022-06-21,2022-06-21,2022-06-21,2022-06-21,2022-06-21,2022-06-21,2022-06-21,2022-06-21,2022-06-21,2021-08-16,2021-08-16,2022-06-21,2022-06-21,2022-06-21,2021-08-16,2022-02-15,2022-06-21,2022-06-21,2022-06-21,34.25
"Shanghai",2022-07-24,32,0,"13",2022-06-22,2022-06-22,2022-06-22,2022-06-22,2022-06-22,2022-06-22,2022-06-22,2022-06-22,2022-06-22,2022-06-22,2021-08-16,2021-08-16,2022-06-22,2022-06-22,2022-06-22,2021-08-16,2022-06-22,2022-06-22,2022-06-22,2022-06-22,32.8125
"Hubei",2022-07-24,27.9375,2,"20",2022-06-27,2022-06-27,2022-06-27,2022-06-27,2022-06-27,2022-06-12,2022-06-27,2022-06-27,2022-06-27,2022-06-27,2021-08-16,2021-08-16,2022-06-27,2022-06-27,2022-06-27,2021-08-16,2022-06-27,2022-06-27,2022-06-27,2022-06-27,29.1875
"Qinghai",2022-07-24,27,0,"13",2022-06-27,2022-06-27,2022-06-27,2022-06-27,2022-06-27,2022-06-27,2022-06-27,2022-06-27,2022-06-27,2022-06-27,2021-08-16,2021-08-16,2022-06-27,2022-06-27,2022-06-27,2021-08-16,2022-06-27,2022-06-27,2022-06-27,2022-06-27,27.8125
"Tibet",2022-07-24,25,0,"13",2022-06-29,2022-06-29,2022-06-29,2022-06-29,2022-06-29,2022-06-29,2022-06-29,2022-06-29,2022-06-29,2022-06-29,2021-08-16,2021-08-16,2022-06-29,2022-06-29,2022-06-29,2021-08-16,2022-06-29,2022-06-29,2022-06-29,2022-06-29,25.8125
"National Government",2022-07-24,24,0,"0",2022-06-30,2022-06-30,2022-06-30,2022-06-30,2022-06-30,2022-06-30,2022-06-30,2022-06-30,2022-06-30,2022-06-30,2021-07-19,2021-07-19,2022-06-30,2022-06-30,2022-06-30,2021-07-19,2022-06-30,2022-06-30,2022-06-30,2022-06-30,24
"Shaanxi",2022-07-24,22.75,0,"18",2022-07-06,2022-07-06,2022-07-06,2022-07-06,2022-07-06,2022-07-06,2022-07-06,2022-07-06,2022-05-29,2022-05-29,2021-08-16,2021-08-16,2022-07-06,2022-07-06,2022-07-06,2021-08-16,2022-07-06,2022-07-06,2022-07-06,2022-07-06,23.875
"Tianjin",2022-07-24,21.875,0,"55",2022-07-10,2022-07-10,2022-07-10,2022-07-10,2022-07-10,2022-07-10,2022-07-10,2022-07-10,2022-05-08,2022-05-08,2021-08-16,2021-08-16,2022-07-10,2022-07-10,2022-07-10,2021-08-16,2022-04-13,2022-07-10,2022-07-10,2022-07-10,25.3125
"Guangxi",2022-07-24,18,0,"14",2022-07-06,2022-07-06,2022-07-06,2022-07-06,2022-07-06,2022-07-06,2022-07-06,2022-07-06,2022-07-06,2022-07-06,2021-08-16,2021-08-16,2022-07-06,2022-07-06,2022-07-06,2021-08-16,2022-07-06,2022-07-06,2022-07-06,2022-07-06,18.875
"Ningxia",2022-07-24,18,0,"13",2022-07-06,2022-07-06,2022-07-06,2022-07-06,2022-07-06,2022-07-06,2022-07-06,2022-07-06,2022-07-06,2022-07-06,2021-08-16,2021-08-16,2022-07-06,2022-07-06,2022-07-06,2021-08-16,2021-11-24,2022-07-06,2022-07-06,2022-07-06,18.8125
"Shandong",2022-07-24,17.125,0,"13",2022-07-19,2022-07-19,2022-07-19,2022-07-19,2022-07-19,2022-07-19,2022-07-19,2022-04-23,2022-07-19,2022-07-19,2021-08-15,2021-08-15,2022-07-19,2022-07-19,2022-04-03,2021-08-15,2022-07-21,2022-07-19,2022-07-19,2022-07-19,17.9375
"Heilongjiang",2022-07-24,17,0,"14",2022-07-07,2022-07-07,2022-07-07,2022-07-07,2022-07-07,2022-07-07,2022-07-07,2022-07-07,2022-07-07,2022-07-07,2021-08-16,2021-08-16,2022-07-07,2022-07-07,2022-07-07,2021-08-16,2022-07-07,2022-07-07,2022-07-07,2022-07-07,17.875
"Jiangsu",2022-07-24,13,0,"15",2022-07-11,2022-07-11,2022-07-11,2022-07-11,2022-07-11,2022-07-11,2022-07-11,2022-07-11,2022-07-11,2022-07-11,2021-08-16,2021-08-16,2022-07-11,2022-07-11,2022-07-11,2021-08-16,2022-07-11,2022-07-11,2022-07-11,2022-07-11,13.9375
"Chongqing",2022-07-24,10,0,"13",2022-07-14,2022-07-14,2022-07-14,2022-07-14,2022-07-14,2022-07-14,2022-07-14,2022-07-14,2022-07-14,2022-07-14,2021-08-16,2021-08-16,2022-07-14,2022-07-14,2022-07-14,2021-08-16,2022-07-14,2022-07-14,2022-07-14,2022-07-14,10.8125
"Hainan",2022-07-24,10,0,"15",2022-07-14,2022-07-14,2022-07-14,2022-07-14,2022-07-14,2022-07-14,2022-07-14,2022-07-14,2022-07-14,2022-07-14,2021-08-16,2021-08-16,2022-07-14,2022-07-14,2022-07-14,2021-08-16,2022-07-14,2022-07-14,2022-07-14,2022-07-14,10.9375
"Liaoning",2022-07-24,8.25,0,"38",2022-07-19,2022-07-19,2022-07-19,2022-07-19,2022-07-19,2022-07-19,2022-07-19,2022-07-19,2022-07-19,2022-07-19,2021-08-16,2021-08-16,2022-07-19,2022-07-19,2022-07-19,2021-08-16,2022-07-19,2022-06-23,2022-07-19,2022-06-23,10.625
"Guangdong",2022-07-24,8,0,"16",2022-07-16,2022-07-16,2022-07-16,2022-07-16,2022-07-16,2022-07-16,2022-07-16,2022-07-16,2022-07-16,2022-07-16,2021-08-15,2021-08-15,2022-07-16,2022-07-16,2022-07-16,2021-08-15,2022-07-16,2022-07-16,2022-07-16,2022-07-16,9
"Anhui",2022-07-24,5,0,"13",2022-07-19,2022-07-19,2022-07-19,2022-07-19,2022-07-19,2022-07-19,2022-07-19,2022-07-19,2022-07-19,2022-07-19,2021-08-16,2021-08-16,2022-07-19,2022-07-19,2022-07-19,2021-08-16,2022-07-20,2022-07-19,2022-07-19,2022-07-19,5.8125
"Beijing",2022-07-24,5,0,"20",2022-07-19,2022-07-19,2022-07-19,2022-07-19,2022-07-19,2022-07-19,2022-07-19,2022-07-19,2022-07-19,2022-07-19,2021-08-15,2021-08-15,2022-07-19,2022-07-19,2022-07-19,2021-08-15,2022-07-20,2022-07-19,2022-07-19,2022-07-19,6.25
"Fujian",2022-07-24,5,0,"49",2022-07-19,2022-07-19,2022-07-19,2022-07-19,2022-07-19,2022-07-19,2022-07-19,2022-07-19,2022-07-19,2022-07-19,2021-08-15,2021-08-15,2022-07-19,2022-07-19,2022-07-19,2021-08-15,2022-07-20,2022-07-19,2022-07-19,2022-07-19,8.0625
"Gansu",2022-07-24,5,0,"20",2022-07-19,2022-07-19,2022-07-19,2022-07-19,2022-07-19,2022-07-19,2022-07-19,2022-07-19,2022-07-19,2022-07-19,2021-08-16,2021-08-16,2022-07-19,2022-07-19,2022-07-19,2021-08-16,2022-07-20,2022-07-19,2022-07-19,2022-07-19,6.25
"Guizhou",2022-07-24,5,0,"13",2022-07-19,2022-07-19,2022-07-19,2022-07-19,2022-07-19,2022-07-19,2022-07-19,2022-07-19,2022-07-19,2022-07-19,2021-08-16,2021-08-16,2022-07-19,2022-07-19,2022-07-19,2021-08-16,2022-07-21,2022-07-19,2022-07-19,2022-07-19,5.8125
"Henan",2022-07-24,5,0,"20",2022-07-19,2022-07-19,2022-07-19,2022-07-19,2022-07-19,2022-07-19,2022-07-19,2022-07-19,2022-07-19,2022-07-19,2021-08-16,2021-08-16,2022-07-19,2022-07-19,2022-07-19,2021-08-16,2022-07-20,2022-07-19,2022-07-19,2022-07-19,6.25
"Hebei",2022-07-24,5,0,"16",2022-07-19,2022-07-19,2022-07-19,2022-07-19,2022-07-19,2022-07-19,2022-07-19,2022-07-19,2022-07-19,2022-07-19,2021-08-16,2021-08-16,2022-07-19,2022-07-19,2022-07-19,2021-08-16,2022-07-20,2022-07-19,2022-07-19,2022-07-19,6
"Hunan",2022-07-24,5,0,"14",2022-07-19,2022-07-19,2022-07-19,2022-07-19,2022-07-19,2022-07-19,2022-07-19,2022-07-19,2022-07-19,2022-07-19,2021-08-17,2021-08-17,2022-07-19,2022-07-19,2022-07-19,2021-08-17,2022-07-21,2022-07-19,2022-07-19,2022-07-19,5.875
"Jilin",2022-07-24,5,0,"13",2022-07-19,2022-07-19,2022-07-19,2022-07-19,2022-07-19,2022-07-19,2022-07-19,2022-07-19,2022-07-19,2022-07-19,2021-08-16,2021-08-16,2022-07-19,2022-07-19,2022-07-19,2021-08-16,2022-07-20,2022-07-19,2022-07-19,2022-07-19,5.8125
"Inner Mongolia",2022-07-24,5,1,"27",2022-07-19,2022-07-19,2022-07-19,2022-07-19,2022-07-19,2022-07-19,2022-07-19,2022-07-19,2022-07-19,2022-07-19,2021-08-16,2021-08-16,2022-07-19,2022-07-19,2022-07-19,2021-08-16,2022-07-21,2022-07-19,2022-07-19,2022-07-19,6.6875
"Sichuan",2022-07-24,5,0,"13",2022-07-19,2022-07-19,2022-07-19,2022-07-19,2022-07-19,2022-07-19,2022-07-19,2022-07-19,2022-07-19,2022-07-19,2021-08-15,2021-08-15,2022-07-19,2022-07-19,2022-07-19,2021-08-15,2022-07-20,2022-07-19,2022-07-19,2022-07-19,5.8125
"Shanxi",2022-07-24,5,0,"13",2022-07-19,2022-07-19,2022-07-19,2022-07-19,2022-07-19,2022-07-19,2022-07-19,2022-07-19,2022-07-19,2022-07-19,2021-08-16,2021-08-16,2022-07-19,2022-07-19,2022-07-19,2021-08-16,2022-07-20,2022-07-19,2022-07-19,2022-07-19,5.8125
"Xinjiang",2022-07-24,5,0,"29",2022-07-19,2022-07-19,2022-07-19,2022-07-19,2022-07-19,2022-07-19,2022-07-19,2022-07-19,2022-07-19,2022-07-19,2021-08-15,2021-08-15,2022-07-19,2022-07-19,2022-07-19,2021-08-15,2022-07-19,2022-07-19,2022-07-19,2022-07-19,6.8125
"Yunnan",2022-07-24,5,0,"13",2022-07-19,2022-07-19,2022-07-19,2022-07-19,2022-07-19,2022-07-19,2022-07-19,2022-07-19,2022-07-19,2022-07-19,2021-08-16,2021-08-16,2022-07-19,2022-07-19,2022-07-19,2021-08-16,2022-07-22,2022-07-19,2022-07-19,2022-07-19,5.8125
"Zhejiang",2022-07-24,5,0,"13",2022-07-19,2022-07-19,2022-07-19,2022-07-19,2022-07-19,2022-07-19,2022-07-19,2022-07-19,2022-07-19,2022-07-19,2021-08-16,2021-08-16,2022-07-19,2022-07-19,2022-07-19,2021-08-16,2022-07-20,2022-07-19,2022-07-19,2022-07-19,5.8125
