"Country","Jurisdiction","Current date","Outdated coding in days (avg.)","Flagged days (total)","Forgotten boxes (total)","C1: School closing","C2: Workplace closing","C3: Cancel public events","C4: Restrictions on gatherings","C5: Close public transport","C6: Stay at home requirements","C7: Restrictions on internal movement","C8: International travel controls","E1: Income support","E2: Debt/contract relief","E3: Fiscal measures","E4: International support","H1: Public information campaigns","H2: Testing policy","H3: Contact tracing","H4: Emergency investment in healthcare","H5: Investment in vaccines","H6: Facial Coverings","H7: Vaccination policy","H8: Protection of elderly people","Missing days (avg.)"
"Afghanistan","National Government",2022-05-20,25,0,"0",2022-04-25,2022-04-25,2022-04-25,2022-04-25,2022-04-25,2022-04-25,2022-04-25,2022-04-25,2022-04-25,2022-04-25,2021-08-08,2021-08-08,2022-04-25,2022-04-25,2022-04-25,2021-08-08,2022-04-25,2022-04-25,2022-04-25,2022-04-25,25
"Albania","National Government",2022-05-20,3,0,"0",2022-05-17,2022-05-17,2022-05-17,2022-05-17,2022-05-17,2022-05-17,2022-05-17,2022-05-17,2022-05-17,2022-05-17,2021-08-13,2021-08-13,2022-05-17,2022-05-17,2022-05-17,2021-08-13,2022-05-17,2022-05-17,2022-05-17,2022-05-17,3
"Algeria","National Government",2022-05-20,5,0,"0",2022-05-15,2022-05-15,2022-05-15,2022-05-15,2022-05-15,2022-05-15,2022-05-15,2022-05-15,2022-05-15,2022-05-15,2021-07-12,2021-07-12,2022-05-15,2022-05-15,2022-05-15,2021-07-12,2022-05-15,2022-05-15,2022-05-15,2022-05-15,5
"Andorra","National Government",2022-05-20,18,0,"0",2022-05-02,2022-05-02,2022-05-02,2022-05-02,2022-05-02,2022-05-02,2022-05-02,2022-05-02,2022-05-02,2022-05-02,2021-08-02,2021-08-02,2022-05-02,2022-05-02,2022-05-02,2021-08-02,2022-05-02,2022-05-02,2022-05-02,2022-05-02,18
"Angola","National Government",2022-05-20,18,1,"0",2022-05-02,2022-05-02,2022-05-02,2022-05-02,2022-05-02,2022-05-02,2022-05-02,2022-05-02,2022-05-02,2022-05-02,2021-07-27,2021-07-27,2022-05-02,2022-05-02,2022-05-02,2021-07-27,2022-04-08,2022-05-02,2022-05-02,2022-05-02,18
"Argentina","National Government",2022-05-20,11,0,"0",2022-05-09,2022-05-09,2022-05-09,2022-05-09,2022-05-09,2022-05-09,2022-05-09,2022-05-09,2022-05-09,2022-05-09,2021-08-16,2021-08-16,2022-05-09,2022-05-09,2022-05-09,2021-08-16,2022-05-09,2022-05-09,2022-05-09,2022-05-09,11
"Aruba","National Government",2022-05-20,4,1,"0",2022-05-16,2022-05-16,2022-05-16,2022-05-16,2022-05-16,2022-05-16,2022-05-16,2022-05-16,2022-05-16,2022-05-16,2021-08-03,2021-08-03,2022-05-16,2022-05-16,2022-05-16,2021-08-03,2022-05-16,2022-05-16,2022-05-16,2022-05-16,4
"Australia","Australian Capital Territory",2022-05-20,16,0,"273",2022-05-04,2022-05-04,2022-05-04,2022-05-04,2022-05-04,2022-05-04,2022-05-04,2022-05-04,2022-05-04,2022-05-04,2021-02-28,2021-02-28,2022-05-04,2022-05-04,2022-05-04,2021-02-28,2022-03-25,2022-05-04,2022-05-04,2022-05-04,33.0625
"Australia","New South Wales",2022-05-20,16,0,"9",2022-05-04,2022-05-04,2022-05-04,2022-05-04,2022-05-04,2022-05-04,2022-05-04,2022-05-04,2022-05-04,2022-05-04,-Inf,-Inf,2022-05-04,2022-05-04,2022-05-04,2021-02-18,2022-03-07,2022-05-04,2022-05-04,2022-05-04,16.5625
"Australia","South Australia",2022-05-20,16,0,"7",2022-05-04,2022-05-04,2022-05-04,2022-05-04,2022-05-04,2022-05-04,2022-05-04,2022-05-04,2022-05-04,2022-05-04,-Inf,-Inf,2022-05-04,2022-05-04,2022-05-04,-Inf,-Inf,2022-05-04,2022-05-04,2022-05-04,16.4375
"Australia","Tasmania",2022-05-20,16,0,"53",2022-05-04,2022-05-04,2022-05-04,2022-05-04,2022-05-04,2022-05-04,2022-05-04,2022-05-04,2022-05-04,2022-05-04,2021-03-31,2021-03-31,2022-05-04,2022-05-04,2022-05-04,2021-03-31,2021-03-31,2022-05-04,2022-05-04,2022-05-04,19.3125
"Australia","Victoria",2022-05-20,16,0,"10",2022-05-04,2022-05-04,2022-05-04,2022-05-04,2022-05-04,2022-05-04,2022-05-04,2022-05-04,2022-05-04,2022-05-04,2021-02-14,2021-02-14,2022-05-04,2022-05-04,2022-05-04,2021-02-14,2022-01-21,2022-05-04,2022-05-04,2022-05-04,16.625
"Australia","National Government",2022-05-20,9,0,"0",2022-05-11,2022-05-11,2022-05-11,2022-05-11,2022-05-11,2022-05-11,2022-05-11,2022-05-11,2022-05-11,2022-05-11,2021-08-13,2021-08-13,2022-05-11,2022-05-11,2022-05-11,2021-08-13,2022-05-11,2022-05-11,2022-05-11,2022-05-11,9
"Australia","Northern Territory",2022-05-20,9,0,"191",2022-05-11,2022-05-11,2022-05-11,2022-05-11,2022-05-11,2022-05-11,2022-05-11,2022-05-11,2022-05-11,2022-05-11,2021-04-16,2021-04-16,2022-05-11,2022-05-11,2022-05-11,2021-04-16,2021-04-16,2022-05-11,2022-05-11,2022-05-11,20.9375
"Australia","Queensland",2022-05-20,9,0,"7",2022-05-11,2022-05-11,2022-05-11,2022-05-11,2022-05-11,2022-05-11,2022-05-11,2022-05-11,2022-05-11,2022-05-11,2021-01-31,2021-01-31,2022-05-11,2022-05-11,2022-05-11,2021-01-31,2022-04-27,2022-05-11,2022-05-11,2022-05-11,9.4375
"Australia","Western Australia",2022-05-20,9,0,"154",2022-05-11,2022-05-11,2022-05-11,2022-05-11,2022-05-11,2022-05-11,2022-05-11,2022-05-11,2022-05-11,2022-05-11,-Inf,-Inf,2022-05-11,2022-05-11,2022-05-11,-Inf,-Inf,2022-05-11,2022-05-11,2022-05-11,18.625
"Austria","National Government",2022-05-20,4,1,"63",2022-05-16,2022-05-16,2022-05-16,2022-05-16,2022-05-16,2022-05-16,2022-05-16,2022-05-16,2022-05-16,2022-05-16,2021-08-13,2021-08-13,2022-05-16,2022-05-16,2022-05-16,2021-08-13,2022-05-16,2022-05-16,2022-05-16,2022-05-16,7.9375
"Azerbaijan","National Government",2022-05-20,8,3,"0",2022-05-12,2022-05-12,2022-05-12,2022-05-12,2022-05-12,2022-05-12,2022-05-12,2022-05-12,2022-05-12,2022-05-12,2021-08-17,2021-08-17,2022-05-12,2022-05-12,2022-05-12,2021-08-17,2022-05-12,2022-05-12,2022-05-12,2022-05-12,8
"Bahamas","National Government",2022-05-20,18,0,"0",2022-05-02,2022-05-02,2022-05-02,2022-05-02,2022-05-02,2022-05-02,2022-05-02,2022-05-02,2022-05-02,2022-05-02,2021-08-01,2021-08-01,2022-05-02,2022-05-02,2022-05-02,2021-08-01,2022-05-02,2022-05-02,2022-05-02,2022-05-02,18
"Bahrain","National Government",2022-05-20,4,1,"16",2022-05-16,2022-05-16,2022-05-16,2022-05-16,2022-05-16,2022-05-16,2022-05-16,2022-05-16,2022-05-16,2022-05-16,2021-08-16,2021-08-16,2022-05-16,2022-05-16,2022-05-16,2021-08-16,2022-05-16,2022-05-16,2022-05-16,2022-05-16,5
"Bangladesh","National Government",2022-05-20,12,0,"0",2022-05-08,2022-05-08,2022-05-08,2022-05-08,2022-05-08,2022-05-08,2022-05-08,2022-05-08,2022-05-08,2022-05-08,2021-07-28,2021-07-28,2022-05-08,2022-05-08,2022-05-08,2021-07-22,2022-05-08,2022-05-08,2022-05-08,2022-05-08,12
"Barbados","National Government",2022-05-20,18,0,"0",2022-05-02,2022-05-02,2022-05-02,2022-05-02,2022-05-02,2022-05-02,2022-05-02,2022-05-02,2022-05-02,2022-05-02,2021-08-16,2021-08-16,2022-05-02,2022-05-02,2022-05-02,2021-08-16,2022-03-28,2022-05-02,2022-05-02,2022-05-02,18
"Belarus","National Government",2022-05-20,18,0,"0",2022-05-02,2022-05-02,2022-05-02,2022-05-02,2022-05-02,2022-05-02,2022-05-02,2022-05-02,2022-05-02,2022-05-02,2021-08-16,2021-08-16,2022-05-02,2022-05-02,2022-05-02,2021-08-16,2022-05-02,2022-05-02,2022-05-02,2022-05-02,18
"Belgium","National Government",2022-05-20,4,0,"0",2022-05-16,2022-05-16,2022-05-16,2022-05-16,2022-05-16,2022-05-16,2022-05-16,2022-05-16,2022-05-16,2022-05-16,2021-08-16,2021-08-16,2022-05-16,2022-05-16,2022-05-16,2021-08-16,2022-05-16,2022-05-16,2022-05-16,2022-05-16,4
"Belize","National Government",2022-05-20,11.4375,0,"0",2022-05-09,2022-05-09,2022-05-09,2022-05-09,2022-05-08,2022-05-09,2022-05-09,2022-05-08,2022-05-08,2022-05-08,2021-08-09,2021-08-09,2022-05-08,2022-05-08,2022-05-09,2021-08-09,2022-05-08,2022-05-08,2022-05-09,2022-05-09,11.4375
"Benin","National Government",2022-05-20,19.5,0,"0",2022-04-30,2022-04-30,2022-04-30,2022-04-30,2022-04-30,2022-04-30,2022-04-30,2022-04-30,2022-05-01,2022-05-01,2021-08-15,2021-08-15,2022-05-01,2022-05-01,2022-05-01,2021-08-15,2022-05-01,2022-05-01,2022-05-01,2022-05-01,19.5
"Bermuda","National Government",2022-05-20,25,0,"0",2022-04-25,2022-04-25,2022-04-25,2022-04-25,2022-04-25,2022-04-25,2022-04-25,2022-04-25,2022-04-25,2022-04-25,2021-08-02,2021-08-02,2022-04-25,2022-04-25,2022-04-25,2021-08-02,2022-04-25,2022-04-25,2022-04-25,2022-04-25,25
"Bhutan","National Government",2022-05-20,12,3,"0",2022-05-08,2022-05-08,2022-05-08,2022-05-08,2022-05-08,2022-05-08,2022-05-08,2022-05-08,2022-05-08,2022-05-08,2021-08-09,2021-08-09,2022-05-08,2022-05-08,2022-05-08,2021-08-09,2022-05-08,2022-05-08,2022-05-08,2022-05-08,12
"Bolivia","National Government",2022-05-20,11,0,"0",2022-05-09,2022-05-09,2022-05-09,2022-05-09,2022-05-09,2022-05-09,2022-05-09,2022-05-09,2022-05-09,2022-05-09,2021-07-26,2021-07-26,2022-05-09,2022-05-09,2022-05-09,2021-07-26,2022-05-09,2022-05-09,2022-05-09,2022-05-09,11
"Bosnia and Herzegovina","National Government",2022-05-20,1,1,"0",2022-05-19,2022-05-19,2022-05-19,2022-05-19,2022-05-19,2022-05-19,2022-05-19,2022-05-19,2022-05-19,2022-05-19,2021-08-17,2021-08-17,2022-05-19,2022-05-19,2022-05-19,2021-08-17,2022-05-19,2022-05-19,2022-05-19,2022-05-19,1
"Botswana","National Government",2022-05-20,11,0,"0",2022-05-09,2022-05-09,2022-05-09,2022-05-09,2022-05-09,2022-05-09,2022-05-09,2022-05-09,2022-05-09,2022-05-09,2021-08-09,2021-08-09,2022-05-09,2022-05-09,2022-05-09,2021-08-09,2022-04-18,2022-05-09,2022-05-09,2022-05-09,11
"Brazil","Distrito Federal",2022-05-20,Inf,0,"-Inf",-Inf,-Inf,-Inf,-Inf,-Inf,-Inf,-Inf,-Inf,-Inf,-Inf,-Inf,-Inf,-Inf,-Inf,-Inf,-Inf,-Inf,-Inf,-Inf,-Inf,871
"Brazil","Santa Catarina",2022-05-20,194.0625,0,"3223",2021-07-24,2021-07-14,2021-07-14,2021-07-14,2021-07-14,2021-07-14,2021-07-14,2022-02-04,2022-02-04,2022-02-04,-Inf,-Inf,2022-02-04,2022-02-04,2022-02-04,-Inf,-Inf,2022-02-04,2022-02-04,2022-02-04,395.5
"Brazil","Minas Gerais",2022-05-20,80.6875,0,"73",2022-03-01,2022-03-01,2022-03-01,2022-03-01,2022-03-01,2022-03-01,2022-03-01,2022-03-01,2022-03-01,2022-02-25,-Inf,-Inf,2022-03-01,2022-03-01,2022-03-01,-Inf,-Inf,2022-03-01,2022-02-22,2022-03-01,85.25
"Brazil","Acre",2022-05-20,80.25,0,"2",2022-03-01,2022-03-01,2022-03-01,2022-03-01,2022-03-01,2022-03-01,2022-03-01,2022-03-01,2022-03-01,2022-02-25,-Inf,-Inf,2022-03-01,2022-03-01,2022-03-01,-Inf,-Inf,2022-03-01,2022-03-01,2022-03-01,80.375
"Brazil","Alagoas",2022-05-20,80.25,0,"63",2022-03-01,2022-03-01,2022-03-01,2022-03-01,2022-03-01,2022-03-01,2022-03-01,2022-03-01,2022-03-01,2022-02-25,-Inf,-Inf,2022-03-01,2022-03-01,2022-03-01,-Inf,-Inf,2022-03-01,2022-03-01,2022-03-01,84.1875
"Brazil","Amazonas",2022-05-20,80.25,0,"1",2022-03-01,2022-03-01,2022-03-01,2022-03-01,2022-03-01,2022-03-01,2022-03-01,2022-03-01,2022-03-01,2022-02-25,-Inf,-Inf,2022-03-01,2022-03-01,2022-03-01,-Inf,-Inf,2022-03-01,2022-03-01,2022-03-01,80.3125
"Brazil","Amapa",2022-05-20,80.25,0,"1",2022-03-01,2022-03-01,2022-03-01,2022-03-01,2022-03-01,2022-03-01,2022-03-01,2022-03-01,2022-03-01,2022-02-25,-Inf,-Inf,2022-03-01,2022-03-01,2022-03-01,-Inf,-Inf,2022-03-01,2022-03-01,2022-03-01,80.3125
"Brazil","Bahia",2022-05-20,80.25,0,"1",2022-03-01,2022-03-01,2022-03-01,2022-03-01,2022-03-01,2022-03-01,2022-03-01,2022-03-01,2022-03-01,2022-02-25,-Inf,-Inf,2022-03-01,2022-03-01,2022-03-01,-Inf,-Inf,2022-03-01,2022-03-01,2022-03-01,80.3125
"Brazil","Ceara",2022-05-20,80.25,0,"1",2022-03-01,2022-03-01,2022-03-01,2022-03-01,2022-03-01,2022-03-01,2022-03-01,2022-03-01,2022-03-01,2022-02-25,-Inf,-Inf,2022-03-01,2022-03-01,2022-03-01,-Inf,-Inf,2022-03-01,2022-03-01,2022-03-01,80.3125
"Brazil","Espirito Santo",2022-05-20,80.25,0,"3",2022-03-01,2022-03-01,2022-03-01,2022-03-01,2022-03-01,2022-03-01,2022-03-01,2022-03-01,2022-03-01,2022-02-25,-Inf,-Inf,2022-03-01,2022-03-01,2022-03-01,-Inf,-Inf,2022-03-01,2022-03-01,2022-03-01,80.4375
"Brazil","Goias",2022-05-20,80.25,0,"1",2022-03-01,2022-03-01,2022-03-01,2022-03-01,2022-03-01,2022-03-01,2022-03-01,2022-03-01,2022-03-01,2022-02-25,-Inf,-Inf,2022-03-01,2022-03-01,2022-03-01,-Inf,-Inf,2022-03-01,2022-03-01,2022-03-01,80.3125
"Brazil","Maranhao",2022-05-20,80.25,0,"7",2022-03-01,2022-03-01,2022-03-01,2022-03-01,2022-03-01,2022-03-01,2022-03-01,2022-03-01,2022-03-01,2022-02-25,-Inf,-Inf,2022-03-01,2022-03-01,2022-03-01,-Inf,-Inf,2022-03-01,2022-03-01,2022-03-01,80.6875
"Brazil","Mato Grosso do Sul",2022-05-20,80.25,0,"21",2022-03-01,2022-03-01,2022-03-01,2022-03-01,2022-03-01,2022-03-01,2022-03-01,2022-03-01,2022-03-01,2022-02-25,-Inf,-Inf,2022-03-01,2022-03-01,2022-03-01,-Inf,-Inf,2022-03-01,2022-03-01,2022-03-01,81.5625
"Brazil","Mato Grosso",2022-05-20,80.25,0,"3",2022-03-01,2022-03-01,2022-03-01,2022-03-01,2022-03-01,2022-03-01,2022-03-01,2022-03-01,2022-03-01,2022-02-25,-Inf,-Inf,2022-03-01,2022-03-01,2022-03-01,-Inf,-Inf,2022-03-01,2022-03-01,2022-03-01,80.4375
"Brazil","Para",2022-05-20,80.25,0,"2",2022-03-01,2022-03-01,2022-03-01,2022-03-01,2022-03-01,2022-03-01,2022-03-01,2022-03-01,2022-03-01,2022-02-25,-Inf,-Inf,2022-03-01,2022-03-01,2022-03-01,-Inf,-Inf,2022-03-01,2022-03-01,2022-03-01,80.375
"Brazil","Paraiba",2022-05-20,80.25,0,"1",2022-03-01,2022-03-01,2022-03-01,2022-03-01,2022-03-01,2022-03-01,2022-03-01,2022-03-01,2022-03-01,2022-02-25,-Inf,-Inf,2022-03-01,2022-03-01,2022-03-01,-Inf,-Inf,2022-03-01,2022-03-01,2022-03-01,80.3125
"Brazil","Pernambuco",2022-05-20,80.25,0,"1",2022-03-01,2022-03-01,2022-03-01,2022-03-01,2022-03-01,2022-03-01,2022-03-01,2022-03-01,2022-03-01,2022-02-25,-Inf,-Inf,2022-03-01,2022-03-01,2022-03-01,-Inf,-Inf,2022-03-01,2022-03-01,2022-03-01,80.3125
"Brazil","Piaui",2022-05-20,80.25,0,"1",2022-03-01,2022-03-01,2022-03-01,2022-03-01,2022-03-01,2022-03-01,2022-03-01,2022-03-01,2022-03-01,2022-02-25,-Inf,-Inf,2022-03-01,2022-03-01,2022-03-01,-Inf,-Inf,2022-03-01,2022-03-01,2022-03-01,80.3125
"Brazil","Parana",2022-05-20,80.25,0,"2",2022-03-01,2022-03-01,2022-03-01,2022-03-01,2022-03-01,2022-03-01,2022-03-01,2022-03-01,2022-03-01,2022-02-25,-Inf,-Inf,2022-03-01,2022-03-01,2022-03-01,-Inf,-Inf,2022-03-01,2022-03-01,2022-03-01,80.375
"Brazil","Rio de Janeiro",2022-05-20,80.25,0,"28",2022-03-01,2022-03-01,2022-03-01,2022-03-01,2022-03-01,2022-03-01,2022-03-01,2022-03-01,2022-03-01,2022-02-25,-Inf,-Inf,2022-03-01,2022-03-01,2022-03-01,-Inf,-Inf,2022-03-01,2022-03-01,2022-03-01,82
"Brazil","Rio Grande do Norte",2022-05-20,80.25,0,"72",2022-03-01,2022-03-01,2022-03-01,2022-03-01,2022-03-01,2022-03-01,2022-03-01,2022-03-01,2022-03-01,2022-02-25,-Inf,-Inf,2022-03-01,2022-03-01,2022-03-01,-Inf,-Inf,2022-03-01,2022-03-01,2022-03-01,84.75
"Brazil","Rondonia",2022-05-20,80.25,0,"1",2022-03-01,2022-03-01,2022-03-01,2022-03-01,2022-03-01,2022-03-01,2022-03-01,2022-03-01,2022-03-01,2022-02-25,-Inf,-Inf,2022-03-01,2022-03-01,2022-03-01,-Inf,-Inf,2022-03-01,2022-03-01,2022-03-01,80.3125
"Brazil","Roraima",2022-05-20,80.25,0,"1",2022-03-01,2022-03-01,2022-03-01,2022-03-01,2022-03-01,2022-03-01,2022-03-01,2022-03-01,2022-03-01,2022-02-25,-Inf,-Inf,2022-03-01,2022-03-01,2022-03-01,-Inf,-Inf,2022-03-01,2022-03-01,2022-03-01,80.3125
"Brazil","Rio Grande do Sul",2022-05-20,80.25,0,"2",2022-03-01,2022-03-01,2022-03-01,2022-03-01,2022-03-01,2022-03-01,2022-03-01,2022-03-01,2022-03-01,2022-02-25,-Inf,-Inf,2022-03-01,2022-03-01,2022-03-01,-Inf,-Inf,2022-03-01,2022-03-01,2022-03-01,80.375
"Brazil","Sergipe",2022-05-20,80.25,0,"5",2022-03-01,2022-03-01,2022-03-01,2022-03-01,2022-03-01,2022-03-01,2022-03-01,2022-03-01,2022-03-01,2022-02-25,-Inf,-Inf,2022-03-01,2022-03-01,2022-03-01,-Inf,-Inf,2022-03-01,2022-03-01,2022-03-01,80.5625
"Brazil","Sao Paulo",2022-05-20,80.25,0,"4",2022-03-01,2022-03-01,2022-03-01,2022-03-01,2022-03-01,2022-03-01,2022-03-01,2022-03-01,2022-03-01,2022-02-25,-Inf,-Inf,2022-03-01,2022-03-01,2022-03-01,-Inf,-Inf,2022-03-01,2022-03-01,2022-03-01,80.5
"Brazil","Tocantins",2022-05-20,80.25,0,"3",2022-03-01,2022-03-01,2022-03-01,2022-03-01,2022-03-01,2022-03-01,2022-03-01,2022-03-01,2022-03-01,2022-02-25,-Inf,-Inf,2022-03-01,2022-03-01,2022-03-01,-Inf,-Inf,2022-03-01,2022-03-01,2022-03-01,80.4375
"Brazil","National Government",2022-05-20,39.125,0,"0",2022-04-11,2022-04-11,2022-04-11,2022-04-11,2022-04-11,2022-04-11,2022-04-11,2022-04-11,2022-04-10,2022-04-10,2021-06-21,2021-06-21,2022-04-11,2022-04-11,2022-04-11,2021-06-21,2022-04-11,2022-04-11,2022-04-11,2022-04-11,39.125
"Brunei","National Government",2022-05-20,12,0,"0",2022-05-08,2022-05-08,2022-05-08,2022-05-08,2022-05-08,2022-05-08,2022-05-08,2022-05-08,2022-05-08,2022-05-08,2021-08-12,2021-08-12,2022-05-08,2022-05-08,2022-05-08,2021-08-12,2022-05-08,2022-05-08,2022-05-08,2022-05-08,12
"Bulgaria","National Government",2022-05-20,18,0,"0",2022-05-02,2022-05-02,2022-05-02,2022-05-02,2022-05-02,2022-05-02,2022-05-02,2022-05-02,2022-05-02,2022-05-02,2021-08-03,2021-08-03,2022-05-02,2022-05-02,2022-05-02,2021-08-03,2022-05-02,2022-05-02,2022-05-02,2022-05-02,18
"Burkina Faso","National Government",2022-05-20,11,0,"0",2022-05-09,2022-05-09,2022-05-09,2022-05-09,2022-05-09,2022-05-09,2022-05-09,2022-05-09,2022-05-09,2022-05-09,2021-08-16,2021-08-16,2022-05-09,2022-05-09,2022-05-09,2021-08-16,2022-05-09,2022-05-09,2022-05-09,2022-05-09,11
"Burundi","National Government",2022-05-20,18,0,"0",2022-05-02,2022-05-02,2022-05-02,2022-05-02,2022-05-02,2022-05-02,2022-05-02,2022-05-02,2022-05-02,2022-05-02,2021-08-16,2021-08-16,2022-05-02,2022-05-02,2022-05-02,2021-08-16,2022-05-02,2022-05-02,2022-05-02,2022-05-02,18
"Cambodia","National Government",2022-05-20,11,2,"0",2022-05-09,2022-05-09,2022-05-09,2022-05-09,2022-05-09,2022-05-09,2022-05-09,2022-05-09,2022-05-09,2022-05-09,2021-08-14,2021-08-14,2022-05-09,2022-05-09,2022-05-09,2021-08-14,2022-05-09,2022-05-09,2022-05-09,2022-05-09,11
"Cameroon","National Government",2022-05-20,3,0,"0",2022-05-17,2022-05-17,2022-05-17,2022-05-17,2022-05-17,2022-05-17,2022-05-17,2022-05-17,2022-05-17,2022-05-17,2021-08-14,2021-08-14,2022-05-17,2022-05-17,2022-05-17,2021-08-14,2022-05-17,2022-05-17,2022-05-17,2022-05-17,3
"Canada","Nunavut",2022-05-20,88.875,0,"13",2022-02-20,2022-02-20,2022-02-20,2022-02-20,2022-02-20,2022-02-20,2022-02-20,2022-02-22,2022-02-20,2022-02-20,2021-08-03,2021-08-03,2022-02-20,2022-02-20,2022-02-20,2021-08-03,2022-02-20,2022-02-20,2022-02-20,2022-02-20,89.6875
"Canada","Newfoundland and Labrador",2022-05-20,48.4375,7,"62",2022-04-25,2022-03-31,2022-03-31,2022-03-31,2022-03-31,2022-03-31,2022-03-31,2022-03-31,2022-03-31,2022-03-31,2021-08-15,2021-08-15,2022-03-31,2022-03-31,2022-03-31,2021-08-15,2022-03-31,2022-03-31,2022-03-31,2022-03-31,52.3125
"Canada","Prince Edward Island",2022-05-20,39,0,"40",2022-04-11,2022-04-11,2022-04-11,2022-04-11,2022-04-11,2022-04-11,2022-04-11,2022-04-11,2022-04-11,2022-04-11,2021-07-23,2021-07-23,2022-04-11,2022-04-11,2022-04-11,2021-07-23,2022-04-11,2022-04-11,2022-04-11,2022-04-11,41.5
"Canada","Yukon",2022-05-20,29.8125,0,"13",2022-04-22,2022-04-22,2022-04-22,2022-04-22,2022-04-22,2022-04-22,2022-04-22,2022-03-24,2022-04-22,2022-04-22,2021-08-04,2021-08-04,2022-04-22,2022-04-22,2022-04-22,2021-08-04,2022-04-22,2022-04-22,2022-04-22,2022-04-22,30.625
"Canada","Saskatchewan",2022-05-20,24.125,0,"258",2022-05-04,2022-05-04,2022-05-04,2022-05-04,2022-05-04,2022-05-04,2022-05-04,2022-05-04,2022-02-28,2022-02-28,2021-07-13,2021-07-13,2022-05-04,2022-05-04,2022-05-04,2021-06-14,2022-05-15,2022-05-04,2022-05-04,2022-05-04,40.25
"Canada","New Brunswick",2022-05-20,21.5,5,"13",2022-05-04,2022-05-04,2022-05-04,2022-05-04,2022-05-04,2022-05-04,2022-05-04,2022-05-04,2022-05-04,2022-05-04,2021-08-15,2021-08-15,2022-04-05,2022-04-05,2022-05-04,2021-08-15,2022-03-14,2022-05-04,2022-04-04,2022-05-04,22.3125
"Canada","Alberta",2022-05-20,16,0,"26",2022-05-04,2022-05-04,2022-05-04,2022-05-04,2022-05-04,2022-05-04,2022-05-04,2022-05-04,2022-05-04,2022-05-04,2021-08-16,2021-08-16,2022-05-04,2022-05-04,2022-05-04,2021-08-16,2022-05-15,2022-05-04,2022-05-04,2022-05-04,17.625
"Canada","British Columbia",2022-05-20,16,7,"13",2022-05-04,2022-05-04,2022-05-04,2022-05-04,2022-05-04,2022-05-04,2022-05-04,2022-05-04,2022-05-04,2022-05-04,2021-08-16,2021-08-16,2022-05-04,2022-05-04,2022-05-04,2021-08-16,2021-08-22,2022-05-04,2022-05-04,2022-05-04,16.8125
"Canada","Manitoba",2022-05-20,16,0,"253",2022-05-04,2022-05-04,2022-05-04,2022-05-04,2022-05-04,2022-05-04,2022-05-04,2022-05-04,2022-05-04,2022-05-04,2021-08-16,2021-08-16,2022-05-04,2022-05-04,2022-05-04,2021-08-16,2022-05-15,2022-05-04,2022-05-04,2022-05-04,31.8125
"Canada","Nova Scotia",2022-05-20,16,0,"13",2022-05-04,2022-05-04,2022-05-04,2022-05-04,2022-05-04,2022-05-04,2022-05-04,2022-05-04,2022-05-04,2022-05-04,2021-08-16,2021-08-16,2022-05-04,2022-05-04,2022-05-04,2021-08-16,2022-05-07,2022-05-04,2022-05-04,2022-05-04,16.8125
"Canada","Northwest Territories",2022-05-20,16,0,"44",2022-05-04,2022-05-04,2022-05-04,2022-05-04,2022-05-04,2022-05-04,2022-05-04,2022-05-04,2022-05-04,2022-05-04,2021-08-15,2021-08-15,2022-05-04,2022-05-04,2022-05-04,2021-08-15,2022-05-10,2022-05-04,2022-05-04,2022-05-04,18.75
"Canada","Ontario",2022-05-20,16,0,"20",2022-05-04,2022-05-04,2022-05-04,2022-05-04,2022-05-04,2022-05-04,2022-05-04,2022-05-04,2022-05-04,2022-05-04,2021-06-21,2021-06-21,2022-05-04,2022-05-04,2022-05-04,2021-07-24,2022-05-04,2022-05-04,2022-05-04,2022-05-04,17.25
"Canada","Quebec",2022-05-20,16,0,"13",2022-05-04,2022-05-04,2022-05-04,2022-05-04,2022-05-04,2022-05-04,2022-05-04,2022-05-04,2022-05-04,2022-05-04,2021-07-06,2021-07-06,2022-05-04,2022-05-04,2022-05-04,2021-07-06,2022-05-08,2022-05-04,2022-05-04,2022-05-04,16.8125
"Canada","National Government",2022-05-20,4,2,"0",2022-05-16,2022-05-16,2022-05-16,2022-05-16,2022-05-16,2022-05-16,2022-05-16,2022-05-16,2022-05-16,2022-05-16,2021-08-13,2021-08-13,2022-05-16,2022-05-16,2022-05-16,2021-08-13,2022-05-16,2022-05-16,2022-05-16,2022-05-16,4
"Cape Verde","National Government",2022-05-20,5.3125,1,"0",2022-05-16,2022-05-16,2022-05-16,2022-05-16,2022-05-16,2022-05-16,2022-05-16,2022-05-16,2022-05-16,2022-05-16,2021-07-12,2021-07-12,2022-05-16,2022-04-25,2022-05-16,2021-07-12,2022-05-16,2022-05-16,2022-05-16,2022-05-16,5.3125
"Central African Republic","National Government",2022-05-20,21,0,"0",2022-04-29,2022-04-29,2022-04-29,2022-04-29,2022-04-29,2022-04-29,2022-04-29,2022-04-29,2022-04-29,2022-04-29,2021-08-09,2021-08-09,2022-04-29,2022-04-29,2022-04-29,2021-08-09,2022-04-29,2022-04-29,2022-04-29,2022-04-29,21
"Chad","National Government",2022-05-20,35,0,"0",2022-04-15,2022-04-15,2022-04-15,2022-04-15,2022-04-15,2022-04-15,2022-04-15,2022-04-15,2022-04-15,2022-04-15,2021-08-09,2021-08-09,2022-04-15,2022-04-15,2022-04-15,2021-08-09,2022-04-15,2022-04-15,2022-04-15,2022-04-15,35
"Chile","National Government",2022-05-20,5,0,"0",2022-05-15,2022-05-15,2022-05-15,2022-05-15,2022-05-15,2022-05-15,2022-05-15,2022-05-15,2022-05-15,2022-05-15,2021-08-15,2021-08-15,2022-05-15,2022-05-15,2022-05-15,2021-08-15,2022-05-15,2022-05-15,2022-05-15,2022-05-15,5
"China","Jiangxi",2022-05-20,31.8125,0,"41",2022-04-19,2022-04-19,2022-04-19,2022-04-19,2022-04-26,2022-05-11,2022-05-03,2022-04-19,2022-04-12,2022-04-12,2021-08-16,2021-08-16,2022-04-12,2022-04-12,2022-04-12,2021-08-16,2022-02-15,2022-04-12,2022-04-12,2022-04-12,34.375
"China","Shandong",2022-05-20,28.25,0,"13",2022-04-23,2022-04-23,2022-04-23,2022-04-23,2022-04-23,2022-04-23,2022-04-23,2022-04-23,2022-04-23,2022-04-23,2021-08-15,2021-08-15,2022-04-23,2022-04-23,2022-04-03,2021-08-15,2022-04-23,2022-04-23,2022-04-23,2022-04-23,29.0625
"China","Hebei",2022-05-20,24,0,"16",2022-04-26,2022-04-26,2022-04-26,2022-04-26,2022-04-26,2022-04-26,2022-04-26,2022-04-26,2022-04-26,2022-04-26,2021-08-16,2021-08-16,2022-04-26,2022-04-26,2022-04-26,2021-08-16,2022-04-26,2022-04-26,2022-04-26,2022-04-26,25
"China","Chongqing",2022-05-20,23,0,"13",2022-04-27,2022-04-27,2022-04-27,2022-04-27,2022-04-27,2022-04-27,2022-04-27,2022-04-27,2022-04-27,2022-04-27,2021-08-16,2021-08-16,2022-04-27,2022-04-27,2022-04-27,2021-08-16,2022-04-27,2022-04-27,2022-04-27,2022-04-27,23.8125
"China","Guangxi",2022-05-20,15,0,"14",2022-05-05,2022-05-05,2022-05-05,2022-05-05,2022-05-05,2022-05-05,2022-05-05,2022-05-05,2022-05-05,2022-05-05,2021-08-16,2021-08-16,2022-05-05,2022-05-05,2022-05-05,2021-08-16,2022-05-05,2022-05-05,2022-05-05,2022-05-05,15.875
"China","Liaoning",2022-05-20,14,0,"38",2022-05-06,2022-05-06,2022-05-06,2022-05-06,2022-05-06,2022-05-06,2022-05-06,2022-05-06,2022-05-06,2022-05-06,2021-08-16,2021-08-16,2022-05-06,2022-05-06,2022-05-06,2021-08-16,2022-05-06,2022-05-06,2022-05-06,2022-05-06,16.375
"China","Xinjiang",2022-05-20,12.875,0,"13",2022-05-07,2022-05-07,2022-05-07,2022-05-07,2022-05-07,2022-05-07,2022-05-08,2022-05-08,2022-05-07,2022-05-07,2021-08-15,2021-08-15,2022-05-07,2022-05-07,2022-05-07,2021-08-15,2022-05-07,2022-05-07,2022-05-07,2022-05-07,13.6875
"China","Heilongjiang",2022-05-20,10.125,0,"14",2022-05-05,2022-05-05,2022-05-05,2022-05-05,2022-05-05,2022-05-05,2022-05-05,2022-05-18,2022-05-18,2022-05-18,2021-08-16,2021-08-16,2022-05-18,2022-05-05,2022-05-05,2021-08-16,2022-05-19,2022-05-05,2022-05-18,2022-05-18,11
"China","Qinghai",2022-05-20,10,0,"13",2022-05-10,2022-05-10,2022-05-10,2022-05-10,2022-05-10,2022-05-10,2022-05-10,2022-05-10,2022-05-10,2022-05-10,2021-08-16,2021-08-16,2022-05-10,2022-05-10,2022-05-10,2021-08-16,2022-05-10,2022-05-10,2022-05-10,2022-05-10,10.8125
"China","Tibet",2022-05-20,10,0,"13",2022-05-10,2022-05-10,2022-05-10,2022-05-10,2022-05-10,2022-05-10,2022-05-10,2022-05-10,2022-05-10,2022-05-10,2021-08-16,2021-08-16,2022-05-10,2022-05-10,2022-05-10,2021-08-16,2022-05-10,2022-05-10,2022-05-10,2022-05-10,10.8125
"China","National Government",2022-05-20,9,1,"0",2022-05-11,2022-05-11,2022-05-11,2022-05-11,2022-05-11,2022-05-11,2022-05-11,2022-05-11,2022-05-11,2022-05-11,2021-07-19,2021-07-19,2022-05-11,2022-05-11,2022-05-11,2021-07-19,2022-05-11,2022-05-11,2022-05-11,2022-05-11,9
"China","Shanghai",2022-05-20,9,0,"13",2022-05-11,2022-05-11,2022-05-11,2022-05-11,2022-05-11,2022-05-11,2022-05-11,2022-05-11,2022-05-11,2022-05-11,2021-08-16,2021-08-16,2022-05-11,2022-05-11,2022-05-11,2021-08-16,2022-05-11,2022-05-11,2022-05-11,2022-05-11,9.8125
"China","Fujian",2022-05-20,8.0625,0,"49",2022-05-12,2022-05-12,2022-05-11,2022-05-12,2022-05-12,2022-05-12,2022-05-12,2022-05-12,2022-05-12,2022-05-12,2021-08-15,2021-08-15,2022-05-12,2022-05-12,2022-05-12,2021-08-15,2022-05-12,2022-05-12,2022-05-12,2022-05-12,11.125
"China","Hunan",2022-05-20,7.125,0,"14",2022-05-13,2022-05-13,2022-05-11,2022-05-13,2022-05-13,2022-05-13,2022-05-13,2022-05-13,2022-05-13,2022-05-13,2021-08-17,2021-08-17,2022-05-13,2022-05-13,2022-05-13,2021-08-17,2022-05-13,2022-05-13,2022-05-13,2022-05-13,8
"China","Jiangsu",2022-05-20,7.125,0,"15",2022-05-13,2022-05-13,2022-05-11,2022-05-13,2022-05-13,2022-05-13,2022-05-13,2022-05-13,2022-05-13,2022-05-13,2021-08-16,2021-08-16,2022-05-13,2022-05-13,2022-05-13,2021-08-16,2022-05-13,2022-05-13,2022-05-13,2022-05-13,8.0625
"China","Ningxia",2022-05-20,7.125,0,"13",2022-05-13,2022-05-13,2022-05-11,2022-05-13,2022-05-13,2022-05-13,2022-05-13,2022-05-13,2022-05-13,2022-05-13,2021-08-16,2021-08-16,2022-05-13,2022-05-13,2022-05-13,2021-08-16,2021-11-24,2022-05-13,2022-05-13,2022-05-13,7.9375
"China","Shaanxi",2022-05-20,4.3125,0,"18",2022-05-16,2022-05-16,2022-05-11,2022-05-16,2022-05-16,2022-05-16,2022-05-16,2022-05-16,2022-05-16,2022-05-16,2021-08-16,2021-08-16,2022-05-16,2022-05-16,2022-05-16,2021-08-16,2022-05-16,2022-05-16,2022-05-16,2022-05-16,5.4375
"China","Tianjin",2022-05-20,3.6875,0,"13",2022-05-18,2022-05-18,2022-05-11,2022-05-18,2022-05-18,2022-05-18,2022-05-18,2022-05-18,2022-05-08,2022-05-08,2021-08-16,2021-08-16,2022-05-18,2022-05-18,2022-05-18,2021-08-16,2022-04-13,2022-05-18,2022-05-18,2022-05-18,4.5
"China","Gansu",2022-05-20,2.8125,0,"20",2022-05-18,2022-05-12,2022-05-11,2022-05-18,2022-05-18,2022-05-18,2022-05-18,2022-05-18,2022-05-18,2022-05-18,2021-08-16,2021-08-16,2022-05-18,2022-05-18,2022-05-18,2021-08-16,2022-02-16,2022-05-18,2022-05-18,2022-05-18,4.0625
"China","Anhui",2022-05-20,2.4375,0,"13",2022-05-18,2022-05-18,2022-05-11,2022-05-18,2022-05-18,2022-05-18,2022-05-18,2022-05-18,2022-05-18,2022-05-18,2021-08-16,2021-08-16,2022-05-18,2022-05-18,2022-05-18,2021-08-16,2022-05-18,2022-05-18,2022-05-18,2022-05-18,3.25
"China","Beijing",2022-05-20,2.4375,0,"13",2022-05-18,2022-05-18,2022-05-11,2022-05-18,2022-05-18,2022-05-18,2022-05-18,2022-05-18,2022-05-18,2022-05-18,2021-08-15,2021-08-15,2022-05-18,2022-05-18,2022-05-18,2021-08-15,2022-05-18,2022-05-18,2022-05-18,2022-05-18,3.25
"China","Guangdong",2022-05-20,2.4375,0,"16",2022-05-18,2022-05-18,2022-05-11,2022-05-18,2022-05-18,2022-05-18,2022-05-18,2022-05-18,2022-05-18,2022-05-18,2021-08-15,2021-08-15,2022-05-18,2022-05-18,2022-05-18,2021-08-15,2022-05-18,2022-05-18,2022-05-18,2022-05-18,3.4375
"China","Guizhou",2022-05-20,2.4375,0,"13",2022-05-18,2022-05-18,2022-05-11,2022-05-18,2022-05-18,2022-05-18,2022-05-18,2022-05-18,2022-05-18,2022-05-18,2021-08-16,2021-08-16,2022-05-18,2022-05-18,2022-05-18,2021-08-16,2022-05-18,2022-05-18,2022-05-18,2022-05-18,3.25
"China","Henan",2022-05-20,2.4375,0,"20",2022-05-18,2022-05-18,2022-05-11,2022-05-18,2022-05-18,2022-05-18,2022-05-18,2022-05-18,2022-05-18,2022-05-18,2021-08-16,2021-08-16,2022-05-18,2022-05-18,2022-05-18,2021-08-16,2022-05-19,2022-05-18,2022-05-18,2022-05-18,3.6875
"China","Hubei",2022-05-20,2.4375,0,"20",2022-05-18,2022-05-18,2022-05-11,2022-05-18,2022-05-18,2022-05-18,2022-05-18,2022-05-18,2022-05-18,2022-05-18,2021-08-16,2021-08-16,2022-05-18,2022-05-18,2022-05-18,2021-08-16,2022-05-19,2022-05-18,2022-05-18,2022-05-18,3.6875
"China","Hainan",2022-05-20,2.4375,0,"16",2022-05-18,2022-05-18,2022-05-11,2022-05-18,2022-05-18,2022-05-18,2022-05-18,2022-05-18,2022-05-18,2022-05-18,2021-08-16,2021-08-16,2022-05-18,2022-05-18,2022-05-18,2021-08-16,2022-05-18,2022-05-18,2022-05-18,2022-05-18,3.4375
"China","Jilin",2022-05-20,2.4375,0,"13",2022-05-18,2022-05-18,2022-05-11,2022-05-18,2022-05-18,2022-05-18,2022-05-18,2022-05-18,2022-05-18,2022-05-18,2021-08-16,2021-08-16,2022-05-18,2022-05-18,2022-05-18,2021-08-16,2022-05-18,2022-05-18,2022-05-18,2022-05-18,3.25
"China","Inner Mongolia",2022-05-20,2.4375,0,"27",2022-05-18,2022-05-18,2022-05-11,2022-05-18,2022-05-18,2022-05-18,2022-05-18,2022-05-18,2022-05-18,2022-05-18,2021-08-16,2021-08-16,2022-05-18,2022-05-18,2022-05-18,2021-08-16,2022-05-18,2022-05-18,2022-05-18,2022-05-18,4.125
"China","Sichuan",2022-05-20,2.4375,0,"13",2022-05-18,2022-05-18,2022-05-11,2022-05-18,2022-05-18,2022-05-18,2022-05-18,2022-05-18,2022-05-18,2022-05-18,2021-08-15,2021-08-15,2022-05-18,2022-05-18,2022-05-18,2021-08-15,2022-05-18,2022-05-18,2022-05-18,2022-05-18,3.25
"China","Shanxi",2022-05-20,2.4375,0,"13",2022-05-18,2022-05-18,2022-05-11,2022-05-18,2022-05-18,2022-05-18,2022-05-18,2022-05-18,2022-05-18,2022-05-18,2021-08-16,2021-08-16,2022-05-18,2022-05-18,2022-05-18,2021-08-16,2022-05-18,2022-05-18,2022-05-18,2022-05-18,3.25
"China","Yunnan",2022-05-20,2.4375,0,"13",2022-05-18,2022-05-18,2022-05-11,2022-05-18,2022-05-18,2022-05-18,2022-05-18,2022-05-18,2022-05-18,2022-05-18,2021-08-16,2021-08-16,2022-05-18,2022-05-18,2022-05-18,2021-08-16,2022-05-18,2022-05-18,2022-05-18,2022-05-18,3.25
"China","Zhejiang",2022-05-20,2.4375,0,"13",2022-05-18,2022-05-18,2022-05-11,2022-05-18,2022-05-18,2022-05-18,2022-05-18,2022-05-18,2022-05-18,2022-05-18,2021-08-16,2021-08-16,2022-05-18,2022-05-18,2022-05-18,2021-08-16,2022-05-18,2022-05-18,2022-05-18,2022-05-18,3.25
"Colombia","National Government",2022-05-20,6.0625,1,"0",2022-05-14,2022-05-14,2022-05-14,2022-05-14,2022-05-14,2022-05-14,2022-05-14,2022-05-13,2022-05-14,2022-05-14,2021-08-16,2021-08-16,2022-05-14,2022-05-14,2022-05-14,2021-08-16,2022-05-14,2022-05-14,2022-05-14,2022-05-14,6.0625
"Comoros","National Government",2022-05-20,Inf,0,"-Inf",-Inf,-Inf,-Inf,-Inf,-Inf,-Inf,-Inf,-Inf,-Inf,-Inf,-Inf,-Inf,-Inf,-Inf,-Inf,-Inf,-Inf,2020-10-12,2020-12-07,-Inf,831.75
"Congo","National Government",2022-05-20,11,0,"0",2022-05-09,2022-05-09,2022-05-09,2022-05-09,2022-05-09,2022-05-09,2022-05-09,2022-05-09,2022-05-09,2022-05-09,2021-08-16,2021-08-16,2022-05-09,2022-05-09,2022-05-09,2021-08-16,2022-05-09,2022-05-09,2022-05-09,2022-05-09,11
"Costa Rica","National Government",2022-05-20,4,0,"0",2022-05-16,2022-05-16,2022-05-16,2022-05-16,2022-05-16,2022-05-16,2022-05-16,2022-05-16,2022-05-16,2022-05-16,2021-08-17,2021-08-17,2022-05-16,2022-05-16,2022-05-16,2021-08-17,2022-05-16,2022-05-16,2022-05-16,2022-05-16,4
"Cote d'Ivoire","National Government",2022-05-20,3,0,"0",2022-05-17,2022-05-17,2022-05-17,2022-05-17,2022-05-17,2022-05-17,2022-05-17,2022-05-17,2022-05-17,2022-05-17,2021-08-14,2021-08-14,2022-05-17,2022-05-17,2022-05-17,2021-08-14,2022-05-17,2022-05-17,2022-05-17,2022-05-17,3
"Croatia","National Government",2022-05-20,11,0,"0",2022-05-09,2022-05-09,2022-05-09,2022-05-09,2022-05-09,2022-05-09,2022-05-09,2022-05-09,2022-05-09,2022-05-09,2021-08-17,2021-08-17,2022-05-09,2022-05-09,2022-05-09,2021-08-17,2022-02-19,2022-05-09,2022-05-09,2022-05-09,11
"Cuba","National Government",2022-05-20,7,2,"0",2022-05-13,2022-05-13,2022-05-13,2022-05-13,2022-05-13,2022-05-13,2022-05-13,2022-05-13,2022-05-13,2022-05-13,2021-08-08,2021-08-08,2022-05-13,2022-05-13,2022-05-13,2021-08-08,2022-05-13,2022-05-13,2022-05-13,2022-05-13,7
"Cyprus","National Government",2022-05-20,5,0,"0",2022-05-15,2022-05-15,2022-05-15,2022-05-15,2022-05-15,2022-05-15,2022-05-15,2022-05-15,2022-05-15,2022-05-15,2021-08-16,2021-08-16,2022-05-15,2022-05-15,2022-05-15,2021-08-16,2022-05-15,2022-05-15,2022-05-15,2022-05-15,5
"Czech Republic","National Government",2022-05-20,7,2,"0",2022-05-13,2022-05-13,2022-05-13,2022-05-13,2022-05-13,2022-05-13,2022-05-13,2022-05-13,2022-05-13,2022-05-13,2021-07-22,2021-07-22,2022-05-13,2022-05-13,2022-05-13,2021-07-22,2022-05-13,2022-05-13,2022-05-13,2022-05-13,7
"Democratic Republic of Congo","National Government",2022-05-20,11,0,"1",2022-05-09,2022-05-09,2022-05-09,2022-05-09,2022-05-09,2022-05-09,2022-05-09,2022-05-09,2022-05-09,2022-05-09,2021-08-16,2021-08-16,2022-05-09,2022-05-09,2022-05-09,2021-08-16,2022-05-09,2022-05-09,2022-05-09,2022-05-09,11.0625
"Denmark","National Government",2022-05-20,4,0,"3",2022-05-16,2022-05-16,2022-05-16,2022-05-16,2022-05-16,2022-05-16,2022-05-16,2022-05-16,2022-05-16,2022-05-16,2021-08-16,2021-08-16,2022-05-16,2022-05-16,2022-05-16,2021-08-16,2022-05-16,2022-05-16,2022-05-16,2022-05-16,4.1875
"Djibouti","National Government",2022-05-20,6,0,"0",2022-05-14,2022-05-14,2022-05-14,2022-05-14,2022-05-14,2022-05-14,2022-05-14,2022-05-14,2022-05-14,2022-05-14,2021-07-06,2021-07-06,2022-05-14,2022-05-14,2022-05-14,2021-07-06,2022-05-14,2022-05-14,2022-05-14,2022-05-14,6
"Dominica","National Government",2022-05-20,5,0,"0",2022-05-15,2022-05-15,2022-05-15,2022-05-15,2022-05-15,2022-05-15,2022-05-15,2022-05-15,2022-05-15,2022-05-15,2021-08-17,2021-08-17,2022-05-15,2022-05-15,2022-05-15,2021-08-17,2022-05-15,2022-05-15,2022-05-15,2022-05-15,5
"Dominican Republic","National Government",2022-05-20,7,0,"0",2022-05-13,2022-05-13,2022-05-13,2022-05-13,2022-05-13,2022-05-13,2022-05-13,2022-05-13,2022-05-13,2022-05-13,2021-08-10,2021-08-10,2022-05-13,2022-05-13,2022-05-13,2021-08-10,2022-05-13,2022-05-13,2022-05-13,2022-05-13,7
"Ecuador","National Government",2022-05-20,11,1,"0",2022-05-09,2022-05-09,2022-05-09,2022-05-09,2022-05-09,2022-05-09,2022-05-09,2022-05-09,2022-05-09,2022-05-09,2021-08-15,2021-08-15,2022-05-09,2022-05-09,2022-05-09,2021-08-15,2022-05-09,2022-05-09,2022-05-09,2022-05-09,11
"Egypt","National Government",2022-05-20,4,0,"0",2022-05-16,2022-05-16,2022-05-16,2022-05-16,2022-05-16,2022-05-16,2022-05-16,2022-05-16,2022-05-16,2022-05-16,2021-07-06,2021-07-06,2022-05-16,2022-05-16,2022-05-16,2021-07-06,2021-11-08,2022-05-16,2022-05-16,2022-05-16,4
"El Salvador","National Government",2022-05-20,15,0,"0",2022-05-05,2022-05-05,2022-05-05,2022-05-05,2022-05-05,2022-05-05,2022-05-05,2022-05-05,2022-05-05,2022-05-05,2021-08-09,2021-08-09,2022-05-05,2022-05-05,2022-05-05,2021-08-09,2022-05-05,2022-05-05,2022-05-05,2022-05-05,15
"Eritrea","National Government",2022-05-20,17,0,"0",2022-05-03,2022-05-03,2022-05-03,2022-05-03,2022-05-03,2022-05-03,2022-05-03,2022-05-03,2022-05-03,2022-05-03,2021-08-16,2021-08-16,2022-05-03,2022-05-03,2022-05-03,2021-08-16,2022-05-03,2022-05-03,2022-05-03,2022-05-03,17
"Estonia","National Government",2022-05-20,4,0,"0",2022-05-16,2022-05-16,2022-05-16,2022-05-16,2022-05-16,2022-05-16,2022-05-16,2022-05-16,2022-05-16,2022-05-16,2021-07-26,2021-07-26,2022-05-16,2022-05-16,2022-05-16,2021-07-26,2022-04-17,2022-05-16,2022-05-16,2022-05-16,4
"Eswatini","National Government",2022-05-20,25,0,"0",2022-04-25,2022-04-25,2022-04-25,2022-04-25,2022-04-25,2022-04-25,2022-04-25,2022-04-25,2022-04-25,2022-04-25,2021-08-10,2021-08-10,2022-04-25,2022-04-25,2022-04-25,2021-08-10,2022-04-25,2022-04-25,2022-04-25,2022-04-25,25
"Ethiopia","National Government",2022-05-20,17,3,"0",2022-05-03,2022-05-03,2022-05-03,2022-05-03,2022-05-03,2022-05-03,2022-05-03,2022-05-03,2022-05-03,2022-05-03,2021-08-16,2021-08-16,2022-05-03,2022-05-03,2022-05-03,2021-08-16,2022-05-03,2022-05-03,2022-05-03,2022-05-03,17
"Faeroe Islands","National Government",2022-05-20,7.9375,1,"0",2022-05-13,2022-05-13,2022-05-13,2022-05-13,2022-05-13,2022-05-13,2022-05-13,2022-05-13,2022-05-13,2022-05-13,2021-08-02,2021-08-02,2022-05-13,2022-05-13,2022-04-28,2021-08-02,2022-05-13,2022-05-13,2022-05-13,2022-05-13,7.9375
"Fiji","National Government",2022-05-20,11,0,"0",2022-05-09,2022-05-09,2022-05-09,2022-05-09,2022-05-09,2022-05-09,2022-05-09,2022-05-09,2022-05-09,2022-05-09,2021-08-16,2021-08-16,2022-05-09,2022-05-09,2022-05-09,2021-08-16,2022-05-09,2022-05-09,2022-05-09,2022-05-09,11
"Finland","National Government",2022-05-20,4,0,"0",2022-05-16,2022-05-16,2022-05-16,2022-05-16,2022-05-16,2022-05-16,2022-05-16,2022-05-16,2022-05-16,2022-05-16,2021-08-16,2021-08-16,2022-05-16,2022-05-16,2022-05-16,2021-08-16,2022-05-16,2022-05-16,2022-05-16,2022-05-16,4
"France","National Government",2022-05-20,3.6875,1,"0",2022-05-18,2022-05-18,2022-05-18,2022-05-18,2022-05-18,2022-05-18,2022-05-18,2022-05-18,2022-05-18,2022-05-18,2021-08-09,2021-08-09,2022-05-18,2022-04-21,2022-05-18,2021-08-12,2022-05-18,2022-05-18,2022-05-18,2022-05-18,3.6875
"Gabon","National Government",2022-05-20,4,0,"0",2022-05-16,2022-05-16,2022-05-16,2022-05-16,2022-05-16,2022-05-16,2022-05-16,2022-05-16,2022-05-16,2022-05-16,2021-08-16,2021-08-16,2022-05-16,2022-05-16,2022-05-16,2021-08-16,2022-05-16,2022-05-16,2022-05-16,2022-05-16,4
"Gambia","National Government",2022-05-20,10,0,"0",2022-05-10,2022-05-10,2022-05-10,2022-05-10,2022-05-10,2022-05-10,2022-05-10,2022-05-10,2022-05-10,2022-05-10,2021-08-09,2021-08-09,2022-05-10,2022-05-10,2022-05-10,2021-08-09,2022-05-10,2022-05-10,2022-05-10,2022-05-10,10
"Georgia","National Government",2022-05-20,6,0,"8",2022-05-14,2022-05-14,2022-05-14,2022-05-14,2022-05-14,2022-05-14,2022-05-14,2022-05-14,2022-05-14,2022-05-14,2021-06-21,2021-06-21,2022-05-14,2022-05-14,2022-05-14,2021-06-21,2022-05-14,2022-05-14,2022-05-14,2022-05-14,6.5
"Germany","National Government",2022-05-20,6.5,1,"6",2022-05-17,2022-05-17,2022-05-17,2022-05-17,2022-05-03,2022-05-17,2022-05-17,2022-05-03,2022-05-03,2022-05-03,2021-08-12,2021-08-12,2022-05-17,2022-05-17,2022-05-17,2021-08-12,2022-04-18,2022-05-17,2022-05-17,2022-05-17,6.875
"Ghana","National Government",2022-05-20,28,0,"0",2022-04-22,2022-04-22,2022-04-22,2022-04-22,2022-04-22,2022-04-22,2022-04-22,2022-04-22,2022-04-22,2022-04-22,2021-08-15,2021-08-15,2022-04-22,2022-04-22,2022-04-22,2021-08-15,2022-04-22,2022-04-22,2022-04-22,2022-04-22,28
"Greece","National Government",2022-05-20,31,2,"0",2022-04-19,2022-04-19,2022-04-19,2022-04-19,2022-04-19,2022-04-19,2022-04-19,2022-04-19,2022-04-19,2022-04-19,2021-08-09,2021-08-09,2022-04-19,2022-04-19,2022-04-19,2021-08-09,2022-04-19,2022-04-19,2022-04-19,2022-04-19,31
"Greenland","National Government",2022-05-20,19,1,"0",2022-05-01,2022-05-01,2022-05-01,2022-05-01,2022-05-01,2022-05-01,2022-05-01,2022-05-01,2022-05-01,2022-05-01,2021-08-02,2021-08-02,2022-05-01,2022-05-01,2022-05-01,2021-08-02,2022-05-01,2022-05-01,2022-05-01,2022-05-01,19
"Grenada","National Government",2022-05-20,53,0,"11696",2022-03-28,2022-03-28,2022-03-28,2022-03-28,2022-03-28,2022-03-28,2022-03-28,2022-03-28,2022-03-28,2022-03-28,-Inf,-Inf,2022-03-28,2022-03-28,2022-03-28,-Inf,2022-03-28,2022-03-28,2022-03-28,2022-03-28,784
"Guam","National Government",2022-05-20,11,2,"0",2022-05-09,2022-05-09,2022-05-09,2022-05-09,2022-05-09,2022-05-09,2022-05-09,2022-05-09,2022-05-09,2022-05-09,2021-07-12,2021-07-12,2022-05-09,2022-05-09,2022-05-09,2021-07-12,2022-05-09,2022-05-09,2022-05-09,2022-05-09,11
"Guatemala","National Government",2022-05-20,1,1,"0",2022-05-19,2022-05-19,2022-05-19,2022-05-19,2022-05-19,2022-05-19,2022-05-19,2022-05-19,2022-05-19,2022-05-19,2021-08-16,2021-08-16,2022-05-19,2022-05-19,2022-05-19,2021-08-16,2022-05-19,2022-05-19,2022-05-19,2022-05-19,1
"Guinea","National Government",2022-05-20,4,0,"0",2022-05-16,2022-05-16,2022-05-16,2022-05-16,2022-05-16,2022-05-16,2022-05-16,2022-05-16,2022-05-16,2022-05-16,2021-08-01,2021-08-01,2022-05-16,2022-05-16,2022-05-16,2021-08-01,2022-05-16,2022-05-16,2022-05-16,2022-05-16,4
"Guyana","National Government",2022-05-20,11,0,"0",2022-05-09,2022-05-09,2022-05-09,2022-05-09,2022-05-09,2022-05-09,2022-05-09,2022-05-09,2022-05-09,2022-05-09,2021-06-20,2021-06-20,2022-05-09,2022-05-09,2022-05-09,2021-06-20,2022-05-09,2022-05-09,2022-05-09,2022-05-09,11
"Haiti","National Government",2022-05-20,12,1,"0",2022-05-08,2022-05-08,2022-05-08,2022-05-08,2022-05-08,2022-05-08,2022-05-08,2022-05-08,2022-05-08,2022-05-08,2021-08-12,2021-08-12,2022-05-08,2022-05-08,2022-05-08,2021-08-12,2022-05-08,2022-05-08,2022-05-08,2022-05-08,12
"Honduras","National Government",2022-05-20,3,0,"1",2022-05-17,2022-05-17,2022-05-17,2022-05-17,2022-05-17,2022-05-17,2022-05-17,2022-05-17,2022-05-17,2022-05-17,2021-08-17,2021-08-17,2022-05-17,2022-05-17,2022-05-17,2021-08-17,2022-05-17,2022-05-17,2022-05-17,2022-05-17,3.0625
"Hong Kong","National Government",2022-05-20,12,0,"1",2022-05-08,2022-05-08,2022-05-08,2022-05-08,2022-05-08,2022-05-08,2022-05-08,2022-05-08,2022-05-08,2022-05-08,2021-08-16,2021-08-16,2022-05-08,2022-05-08,2022-05-08,2021-08-16,2022-01-18,2022-05-08,2022-05-08,2022-05-08,12.0625
"Hungary","National Government",2022-05-20,18,0,"0",2022-05-02,2022-05-02,2022-05-02,2022-05-02,2022-05-02,2022-05-02,2022-05-02,2022-05-02,2022-05-02,2022-05-02,2021-07-27,2021-07-27,2022-05-02,2022-05-02,2022-05-02,2021-07-27,2022-03-24,2022-05-02,2022-05-02,2022-05-02,18
"Iceland","National Government",2022-05-20,3,0,"0",2022-05-17,2022-05-17,2022-05-17,2022-05-17,2022-05-17,2022-05-17,2022-05-17,2022-05-17,2022-05-17,2022-05-17,2021-08-16,2021-08-16,2022-05-17,2022-05-17,2022-05-17,2021-08-16,2022-05-17,2022-05-17,2022-05-17,2022-05-17,3
"India","Andaman and Nicobar Islands",2022-05-20,Inf,0,"-Inf",2022-03-23,2021-12-15,2022-03-23,2022-03-23,2022-03-23,2022-03-23,2022-03-23,2021-12-15,-Inf,-Inf,-Inf,-Inf,2022-03-23,2022-03-23,2021-11-28,2021-06-02,2021-06-02,2022-03-23,2021-12-15,2021-12-15,202.1875
"India","Andhra Pradesh",2022-05-20,Inf,0,"-Inf",2022-03-23,2022-03-23,2022-03-23,2022-03-23,2022-03-23,2022-03-23,2022-03-23,2022-02-24,-Inf,-Inf,-Inf,-Inf,2022-03-23,2022-03-23,2021-11-28,2021-07-19,2021-08-14,2022-03-23,2022-01-23,2022-01-17,150.5
"India","Arunachal Pradesh",2022-05-20,Inf,0,"-Inf",2022-02-14,2022-02-14,2022-02-14,2022-02-14,2022-02-14,2022-02-14,2022-02-14,2022-02-14,-Inf,-Inf,-Inf,-Inf,2022-02-14,2022-02-14,2021-11-28,2021-08-01,2021-08-01,2022-02-14,2022-02-14,2022-02-14,170.25
"India","Assam",2022-05-20,Inf,0,"-Inf",2022-03-23,2022-03-23,2022-03-23,2022-03-23,2022-03-23,2022-03-23,2022-02-02,2021-06-30,-Inf,-Inf,-Inf,-Inf,2022-02-02,2022-02-02,2021-11-28,-Inf,-Inf,2022-03-23,2022-02-02,2022-02-02,191.8125
"India","Bihar",2022-05-20,Inf,0,"-Inf",2022-03-23,2022-03-23,2022-03-23,2022-03-23,2022-03-23,2022-03-23,2022-03-23,2022-02-24,-Inf,-Inf,-Inf,-Inf,2022-03-23,2022-03-23,2022-03-23,2021-08-16,2021-08-23,2022-03-23,2022-03-23,2022-03-23,140.1875
"India","Chandigarh",2022-05-20,Inf,0,"-Inf",2022-02-19,2022-02-19,2022-02-19,2022-02-19,2022-02-19,2022-02-19,2022-02-19,2022-02-19,-Inf,-Inf,-Inf,-Inf,2022-02-19,2022-02-19,2021-11-28,-Inf,2021-11-29,2022-02-19,2022-02-19,2022-02-19,166.1875
"India","Chhattisgarh",2022-05-20,Inf,0,"-Inf",2022-03-23,2022-03-23,2022-03-23,2022-03-23,2022-03-23,2022-03-23,2022-03-23,2022-02-24,-Inf,-Inf,-Inf,-Inf,2022-03-23,2022-03-23,2022-03-23,2021-06-21,2022-01-10,2022-03-23,2022-03-23,2022-03-23,212.25
"India","Dadra and Nagar Haveli and Daman and Diu",2022-05-20,Inf,0,"-Inf",2021-06-30,2021-06-30,2021-06-30,2021-06-30,2021-06-30,2021-06-30,2021-06-30,2021-06-30,-Inf,-Inf,-Inf,-Inf,2021-06-29,2021-04-30,2021-04-30,-Inf,-Inf,2021-06-29,2021-06-29,-Inf,382.1875
"India","Delhi",2022-05-20,Inf,0,"-Inf",2022-03-23,2022-03-23,2022-03-23,2022-03-23,2022-03-23,2022-03-23,2022-03-23,2022-02-24,-Inf,-Inf,-Inf,-Inf,2022-03-23,2022-03-23,2022-03-23,2021-08-09,2022-04-30,2022-03-23,2022-03-23,2022-03-23,140.1875
"India","Goa",2022-05-20,Inf,0,"-Inf",2022-03-23,2022-03-23,2022-03-23,2022-03-23,2022-03-23,2022-03-23,2022-03-23,2022-02-24,-Inf,-Inf,-Inf,-Inf,2022-03-23,2022-03-23,2022-03-23,2021-07-08,2021-12-13,2022-03-23,2022-03-23,2022-03-23,222.6875
"India","Gujarat",2022-05-20,Inf,0,"-Inf",2022-03-23,2022-03-23,2022-03-23,2022-03-23,2022-03-23,2022-03-23,2022-03-23,2022-02-24,-Inf,-Inf,-Inf,-Inf,2022-03-23,2022-03-23,2022-03-23,2021-08-16,2021-12-06,2022-03-23,2022-03-23,2022-03-23,141.75
"India","Himachal Pradesh",2022-05-20,Inf,0,"-Inf",2022-02-13,2022-02-13,2022-02-13,2022-02-13,2021-11-15,2022-02-13,2022-02-13,2022-02-13,-Inf,-Inf,-Inf,-Inf,2022-02-13,2022-02-13,2021-11-15,2021-08-16,2021-09-27,2022-02-13,2022-02-13,2022-02-13,252.0625
"India","Haryana",2022-05-20,Inf,0,"-Inf",2022-03-23,2022-03-23,2022-03-23,2022-03-23,2022-03-23,2022-03-23,2022-03-23,2022-02-24,-Inf,-Inf,-Inf,-Inf,2022-03-14,2022-03-14,2022-03-14,2021-08-10,2021-11-09,2022-03-23,2022-03-14,2022-01-31,151.25
"India","Jharkhand",2022-05-20,Inf,0,"-Inf",2022-03-23,2022-03-23,2022-03-23,2022-03-23,2022-03-23,2022-03-23,2022-03-23,2022-02-24,-Inf,-Inf,-Inf,-Inf,2022-03-23,2022-03-23,2022-03-23,2021-08-16,2022-01-16,2022-03-23,2022-03-23,2022-03-23,190.3125
"India","Jammu and Kashmir",2022-05-20,Inf,0,"-Inf",2022-02-21,2022-02-21,2022-02-21,2022-02-21,2022-02-21,2022-02-21,2022-02-21,2022-02-21,-Inf,-Inf,-Inf,-Inf,2022-02-21,2022-02-21,2021-11-28,2021-08-09,2021-08-09,2022-02-21,2022-02-21,2022-02-13,168
"India","Karnataka",2022-05-20,Inf,0,"-Inf",2022-01-31,2022-01-31,2022-01-31,2022-01-31,2022-01-31,2022-01-31,2022-01-31,2022-01-31,-Inf,-Inf,-Inf,-Inf,2022-01-31,2022-01-31,2021-11-28,2021-08-16,2021-08-16,2022-01-31,2022-01-31,2022-01-31,181.625
"India","Kerala",2022-05-20,Inf,0,"-Inf",2022-03-23,2022-03-23,2022-03-23,2022-03-23,2022-03-23,2022-03-23,2022-03-23,2022-02-24,-Inf,-Inf,-Inf,-Inf,2022-03-23,2022-03-23,2022-03-23,2021-08-08,2021-09-13,2022-03-23,2022-03-23,2022-03-23,149.9375
"India","Ladakh",2022-05-20,Inf,0,"-Inf",2021-08-23,2021-08-23,2021-08-23,2021-08-23,2021-08-23,2021-08-23,2021-08-23,2021-08-23,-Inf,-Inf,-Inf,-Inf,2021-08-23,2021-08-23,2021-08-23,2021-07-06,2021-08-23,2021-08-23,2021-08-23,2021-01-15,366.875
"India","Lakshadweep",2022-05-20,Inf,0,"-Inf",2022-01-30,2022-01-30,2022-01-30,2022-01-30,2022-01-30,2022-01-30,2022-01-30,2021-08-16,-Inf,-Inf,-Inf,-Inf,2021-08-16,2021-08-16,2021-08-16,2021-08-16,2021-08-16,2022-01-05,2021-08-16,-Inf,374.4375
"India","Maharashtra",2022-05-20,Inf,0,"-Inf",2022-03-23,2022-03-23,2022-03-23,2022-03-23,2022-03-23,2022-03-23,2022-03-23,2022-02-24,-Inf,-Inf,-Inf,-Inf,2022-03-23,2022-03-23,2022-03-23,2021-07-26,2022-04-30,2022-03-23,2022-03-23,2022-03-23,150.6875
"India","Meghalaya",2022-05-20,Inf,0,"-Inf",2022-03-23,2022-03-23,2022-03-23,2022-03-23,2022-03-23,2022-03-23,2022-03-23,2022-01-10,-Inf,-Inf,-Inf,-Inf,2022-03-23,2022-01-10,2021-11-28,2021-06-08,2021-06-08,2022-03-23,2022-01-10,2022-01-10,239.0625
"India","Manipur",2022-05-20,Inf,0,"-Inf",2021-09-27,2021-09-27,2021-09-27,2021-09-27,2021-09-27,2021-09-27,2021-09-27,2021-09-27,-Inf,-Inf,-Inf,-Inf,2021-09-27,2021-09-27,2021-09-27,2021-07-05,2021-07-05,2021-09-27,2021-09-27,2021-01-15,286.3125
"India","Madhya Pradesh",2022-05-20,Inf,0,"-Inf",2022-03-23,2022-03-23,2022-03-23,2022-03-23,2022-03-23,2022-03-23,2022-03-23,2022-02-24,-Inf,-Inf,2021-05-25,2021-05-25,2022-03-23,2022-03-23,2022-03-23,2021-08-16,2021-11-22,2022-03-23,2022-03-23,2022-03-23,147.125
"India","Mizoram",2022-05-20,Inf,0,"-Inf",2021-08-30,2021-08-30,2021-08-30,2021-08-30,2021-08-30,2021-08-30,2021-08-30,2021-08-30,-Inf,-Inf,-Inf,-Inf,2021-08-30,2021-08-30,2021-08-30,2021-05-24,2021-08-30,2021-08-30,2021-08-30,2021-01-15,312.375
"India","Nagaland",2022-05-20,Inf,0,"-Inf",2022-02-15,2022-02-15,2022-02-15,2022-02-15,2022-02-15,2022-02-15,2022-02-15,2022-02-15,-Inf,-Inf,-Inf,-Inf,2022-02-15,2022-02-15,2021-11-28,2021-07-26,2021-10-25,2022-02-15,2022-02-15,2022-02-15,176.0625
"India","Odisha",2022-05-20,Inf,0,"-Inf",2022-03-23,2022-03-23,2022-03-23,2022-03-23,2022-01-11,2022-03-23,2022-03-23,2022-02-15,-Inf,-Inf,-Inf,-Inf,2022-03-23,2022-01-09,2021-11-28,2021-08-09,2021-08-09,2022-03-23,2022-03-23,2022-03-23,170.9375
"India","Punjab",2022-05-20,Inf,0,"-Inf",2022-03-23,2022-03-23,2022-03-23,2022-03-23,2022-03-23,2022-03-23,2022-03-23,2022-02-24,-Inf,-Inf,-Inf,-Inf,2022-02-21,2022-02-21,2021-11-28,2021-08-04,2022-02-21,2022-03-23,2022-02-21,2022-02-21,150.3125
"India","Puducherry",2022-05-20,Inf,0,"-Inf",2022-03-23,2022-03-23,2022-03-23,2022-03-23,2022-03-23,2022-03-23,2022-03-23,2022-02-24,-Inf,-Inf,-Inf,-Inf,2022-03-23,2022-03-23,2022-03-23,2021-08-03,2021-11-29,2022-03-23,2022-03-23,2022-03-23,140.25
"India","Rajasthan",2022-05-20,Inf,0,"-Inf",2022-03-23,2022-03-23,2022-03-23,2022-03-23,2022-03-23,2022-03-23,2022-03-23,2022-02-24,-Inf,-Inf,-Inf,-Inf,2022-03-23,2021-12-31,2021-11-28,2021-08-16,2021-12-28,2021-12-31,2021-12-31,2021-12-31,162.375
"India","Sikkim",2022-05-20,Inf,0,"-Inf",2022-02-03,2022-02-03,2022-02-03,2022-02-03,2022-02-03,2022-02-04,2022-02-04,2022-02-04,-Inf,-Inf,-Inf,-Inf,2022-02-04,2021-10-09,2021-07-12,2021-07-12,2021-07-12,2021-08-21,2022-02-04,-Inf,312.6875
"India","Telangana",2022-05-20,Inf,0,"-Inf",2022-03-01,2022-03-01,2022-03-01,2022-03-01,2022-03-01,2022-03-01,2022-03-01,2022-02-24,-Inf,-Inf,-Inf,-Inf,2022-03-01,2022-03-01,2022-03-01,2021-05-17,2021-05-17,2022-03-01,2022-03-01,2022-03-01,170.8125
"India","Tamil Nadu",2022-05-20,Inf,0,"-Inf",2022-03-23,2022-03-23,2022-03-23,2022-03-23,2022-03-23,2022-03-23,2022-03-23,2022-02-24,-Inf,-Inf,-Inf,-Inf,2022-03-23,2022-03-23,2022-03-23,2021-06-14,2021-06-14,2022-03-23,2022-03-23,2022-03-23,141.875
"India","Tripura",2022-05-20,Inf,0,"-Inf",2021-08-16,2021-08-16,2021-08-16,2021-08-16,2021-08-16,2021-08-16,2021-08-16,2021-08-16,-Inf,-Inf,-Inf,-Inf,2021-08-16,2021-08-16,2021-08-16,2021-08-16,2021-08-16,2021-08-16,2021-08-16,2021-01-15,318.8125
"India","Uttar Pradesh",2022-05-20,Inf,0,"-Inf",2022-03-23,2022-03-23,2022-03-23,2022-03-23,2022-03-23,2022-03-23,2022-03-23,2022-02-24,-Inf,-Inf,-Inf,-Inf,2022-03-23,2021-12-07,2021-11-28,2021-08-01,2021-08-01,2022-03-23,2022-03-23,2021-12-07,180.75
"India","Uttarakhand",2022-05-20,Inf,0,"-Inf",2022-01-31,2021-12-31,2021-12-31,2021-12-31,2021-12-31,2021-12-31,2021-12-31,2021-12-31,-Inf,-Inf,-Inf,-Inf,2021-12-31,2021-12-31,2021-11-28,2021-08-09,2021-10-05,2021-12-31,2021-12-31,2021-12-31,216.75
"India","West Bengal",2022-05-20,Inf,0,"-Inf",2022-02-26,2022-02-26,2022-02-26,2022-02-26,2022-02-26,2022-02-26,2022-02-26,2022-02-24,-Inf,-Inf,-Inf,-Inf,2022-02-26,2021-12-31,2021-11-28,2021-08-08,2021-08-08,2022-02-26,2022-02-26,2021-12-31,191.375
"India","National Government",2022-05-20,8.75,0,"0",2022-04-25,2022-05-15,2022-05-15,2022-05-15,2022-04-25,2022-05-15,2022-05-15,2022-05-15,2022-05-15,2022-05-15,2021-08-16,2021-08-16,2022-05-15,2022-05-15,2022-04-25,2021-08-16,2022-05-15,2022-05-15,2022-05-15,2022-05-15,8.75
"Indonesia","National Government",2022-05-20,5,0,"0",2022-05-15,2022-05-15,2022-05-15,2022-05-15,2022-05-15,2022-05-15,2022-05-15,2022-05-15,2022-05-15,2022-05-15,2021-08-16,2021-08-16,2022-05-15,2022-05-15,2022-05-15,2021-08-16,2022-05-15,2022-05-15,2022-05-15,2022-05-15,5
"Iran","National Government",2022-05-20,20,1,"0",2022-04-30,2022-04-30,2022-04-30,2022-04-30,2022-04-30,2022-04-30,2022-04-30,2022-04-30,2022-04-30,2022-04-30,2021-06-29,2021-06-29,2022-04-30,2022-04-30,2022-04-30,2021-06-29,2022-04-30,2022-04-30,2022-04-30,2022-04-30,20
"Iraq","National Government",2022-05-20,20.1875,1,"0",2022-05-02,2022-03-28,2022-05-02,2022-05-02,2022-05-02,2022-05-02,2022-05-02,2022-05-02,2022-05-02,2022-05-02,2021-07-27,2021-07-27,2022-05-02,2022-05-02,2022-05-02,2021-07-26,2022-05-02,2022-05-02,2022-05-02,2022-05-02,20.1875
"Ireland","National Government",2022-05-20,3,0,"0",2022-05-17,2022-05-17,2022-05-17,2022-05-17,2022-05-17,2022-05-17,2022-05-17,2022-05-17,2022-05-17,2022-05-17,2021-08-16,2021-08-16,2022-05-17,2022-05-17,2022-05-17,2021-08-16,2022-05-17,2022-05-17,2022-05-17,2022-05-17,3
"Israel","National Government",2022-05-20,4,0,"0",2022-05-16,2022-05-16,2022-05-16,2022-05-16,2022-05-16,2022-05-16,2022-05-16,2022-05-16,2022-05-16,2022-05-16,2021-08-13,2021-08-13,2022-05-16,2022-05-16,2022-05-16,2021-08-13,2022-05-16,2022-05-16,2022-05-16,2022-05-16,4
"Italy","National Government",2022-05-20,5,3,"0",2022-05-15,2022-05-15,2022-05-15,2022-05-15,2022-05-15,2022-05-15,2022-05-15,2022-05-15,2022-05-15,2022-05-15,2021-08-13,2021-08-13,2022-05-15,2022-05-15,2022-05-15,2021-08-13,2022-05-15,2022-05-15,2022-05-15,2022-05-15,5
"Jamaica","National Government",2022-05-20,4,2,"1",2022-05-16,2022-05-16,2022-05-16,2022-05-16,2022-05-16,2022-05-16,2022-05-16,2022-05-16,2022-05-16,2022-05-16,2021-08-16,2021-08-16,2022-05-16,2022-05-16,2022-05-16,2021-08-16,2022-05-16,2022-05-16,2022-05-16,2022-05-16,4.0625
"Japan","National Government",2022-05-20,4,0,"0",2022-05-16,2022-05-16,2022-05-16,2022-05-16,2022-05-16,2022-05-16,2022-05-16,2022-05-16,2022-05-16,2022-05-16,2021-08-14,2021-08-14,2022-05-16,2022-05-16,2022-05-16,2021-08-14,2022-05-16,2022-05-16,2022-05-16,2022-05-16,4
"Jordan","National Government",2022-05-20,11,4,"112",2022-05-09,2022-05-09,2022-05-09,2022-05-09,2022-05-09,2022-05-09,2022-05-09,2022-05-09,2022-05-09,2022-05-09,2021-08-02,2021-08-02,2022-05-09,2022-05-09,2022-05-09,2021-08-02,2022-05-09,2022-05-09,2022-05-09,2022-05-09,18
"Kazakhstan","National Government",2022-05-20,4,0,"0",2022-05-16,2022-05-16,2022-05-16,2022-05-16,2022-05-16,2022-05-16,2022-05-16,2022-05-16,2022-05-16,2022-05-16,2021-08-16,2021-08-16,2022-05-16,2022-05-16,2022-05-16,2021-08-16,2022-05-16,2022-05-16,2022-05-16,2022-05-16,4
"Kenya","National Government",2022-05-20,4,0,"0",2022-05-16,2022-05-16,2022-05-16,2022-05-16,2022-05-16,2022-05-16,2022-05-16,2022-05-16,2022-05-16,2022-05-16,2021-07-26,2021-07-26,2022-05-16,2022-05-16,2022-05-16,2021-07-26,2022-04-21,2022-05-16,2022-05-16,2022-05-16,4
"Kiribati","National Government",2022-05-20,11,0,"0",2022-05-09,2022-05-09,2022-05-09,2022-05-09,2022-05-09,2022-05-09,2022-05-09,2022-05-09,2022-05-09,2022-05-09,2021-08-09,2021-08-09,2022-05-09,2022-05-09,2022-05-09,2021-08-09,2022-05-09,2022-05-09,2022-05-09,2022-05-09,11
"Kosovo","National Government",2022-05-20,7,2,"0",2022-05-13,2022-05-13,2022-05-13,2022-05-13,2022-05-13,2022-05-13,2022-05-13,2022-05-13,2022-05-13,2022-05-13,2021-08-13,2021-08-13,2022-05-13,2022-05-13,2022-05-13,2021-08-13,2022-02-21,2022-05-13,2022-05-13,2022-05-13,7
"Kuwait","National Government",2022-05-20,11,0,"0",2022-05-09,2022-05-09,2022-05-09,2022-05-09,2022-05-09,2022-05-09,2022-05-09,2022-05-09,2022-05-09,2022-05-09,2021-08-08,2021-08-08,2022-05-09,2022-05-09,2022-05-09,2021-08-08,2022-05-09,2022-05-09,2022-05-09,2022-05-09,11
"Kyrgyz Republic","National Government",2022-05-20,9.875,0,"132",2022-05-19,2022-05-19,2022-05-19,2022-05-19,2022-05-19,2022-05-19,2022-05-20,2022-05-20,2022-05-01,2022-05-01,2021-08-16,2021-08-16,2022-05-01,2022-05-01,2022-05-01,2021-08-16,2022-05-01,2022-05-01,2022-05-01,2022-05-01,18.125
"Laos","National Government",2022-05-20,11.0625,0,"0",2022-05-16,2022-05-16,2022-05-16,2022-05-16,2022-05-16,2022-05-16,2022-05-16,2022-05-15,2022-05-02,2022-05-02,2021-08-16,2021-08-16,2022-05-02,2022-05-02,2022-05-02,2021-08-16,2022-05-02,2022-05-02,2022-05-02,2022-05-02,11.0625
"Latvia","National Government",2022-05-20,11,0,"0",2022-05-09,2022-05-09,2022-05-09,2022-05-09,2022-05-09,2022-05-09,2022-05-09,2022-05-09,2022-05-09,2022-05-09,2021-08-10,2021-08-10,2022-05-09,2022-05-09,2022-05-09,2021-08-10,2022-05-09,2022-05-09,2022-05-09,2022-05-09,11
"Lebanon","National Government",2022-05-20,10,2,"0",2022-05-10,2022-05-10,2022-05-10,2022-05-10,2022-05-10,2022-05-10,2022-05-10,2022-05-10,2022-05-10,2022-05-10,2021-07-31,2021-07-31,2022-05-10,2022-05-10,2022-05-10,2021-07-31,2022-05-10,2022-05-10,2022-05-10,2022-05-10,10
"Lesotho","National Government",2022-05-20,4,0,"0",2022-05-16,2022-05-16,2022-05-16,2022-05-16,2022-05-16,2022-05-16,2022-05-16,2022-05-16,2022-05-16,2022-05-16,2021-08-15,2021-08-15,2022-05-16,2022-05-16,2022-05-16,2021-08-15,2022-05-16,2022-05-16,2022-05-16,2022-05-16,4
"Liberia","National Government",2022-05-20,4,0,"0",2022-05-16,2022-05-16,2022-05-16,2022-05-16,2022-05-16,2022-05-16,2022-05-16,2022-05-16,2022-05-16,2022-05-16,2021-08-16,2021-08-16,2022-05-16,2022-05-16,2022-05-16,2021-08-16,2022-05-16,2022-05-16,2022-05-16,2022-05-16,4
"Libya","National Government",2022-05-20,11,0,"0",2022-05-09,2022-05-09,2022-05-09,2022-05-09,2022-05-09,2022-05-09,2022-05-09,2022-05-09,2022-05-09,2022-05-09,2021-07-12,2021-07-12,2022-05-09,2022-05-09,2022-05-09,2021-07-12,2022-04-18,2022-05-09,2022-05-09,2022-05-09,11
"Liechtenstein","National Government",2022-05-20,16,0,"0",2022-05-04,2022-05-04,2022-05-04,2022-05-04,2022-05-04,2022-05-04,2022-05-04,2022-05-04,2022-05-04,2022-05-04,2021-05-09,2021-05-09,2022-05-04,2022-05-04,2022-05-04,2021-05-09,2022-05-04,2022-05-04,2022-05-04,2022-05-04,16
"Lithuania","National Government",2022-05-20,11,0,"0",2022-05-09,2022-05-09,2022-05-09,2022-05-09,2022-05-09,2022-05-09,2022-05-09,2022-05-09,2022-05-09,2022-05-09,2021-08-01,2021-08-01,2022-05-09,2022-05-09,2022-05-09,2021-08-01,2022-05-09,2022-05-09,2022-05-09,2022-05-09,11
"Luxembourg","National Government",2022-05-20,4,0,"0",2022-05-16,2022-05-16,2022-05-16,2022-05-16,2022-05-16,2022-05-16,2022-05-16,2022-05-16,2022-05-16,2022-05-16,2021-08-14,2021-08-14,2022-05-16,2022-05-16,2022-05-16,2021-08-14,2022-03-21,2022-05-16,2022-05-16,2022-05-16,4
"Macao","National Government",2022-05-20,11,0,"0",2022-05-09,2022-05-09,2022-05-09,2022-05-09,2022-05-09,2022-05-09,2022-05-09,2022-05-09,2022-05-09,2022-05-09,2021-07-12,2021-07-12,2022-05-09,2022-05-09,2022-05-09,2021-07-12,2022-05-09,2022-05-09,2022-05-09,2022-05-09,11
"Madagascar","National Government",2022-05-20,15.1875,2,"7",2022-05-09,2022-05-09,2022-04-24,2022-05-09,2022-05-09,2022-05-09,2022-05-09,2022-05-09,2022-05-17,2022-05-09,2021-08-08,2021-08-08,2022-04-24,2022-04-24,2022-04-24,2021-08-08,2022-04-24,2022-05-09,2022-05-09,2022-04-24,15.625
"Malawi","National Government",2022-05-20,11,0,"0",2022-05-09,2022-05-09,2022-05-09,2022-05-09,2022-05-09,2022-05-09,2022-05-09,2022-05-09,2022-05-09,2022-05-09,2021-08-10,2021-08-10,2022-05-09,2022-05-09,2022-05-09,2021-08-10,2022-05-09,2022-05-09,2022-05-09,2022-05-09,11
"Malaysia","National Government",2022-05-20,3,2,"0",2022-05-17,2022-05-17,2022-05-17,2022-05-17,2022-05-17,2022-05-17,2022-05-17,2022-05-17,2022-05-17,2022-05-17,2021-07-19,2021-07-19,2022-05-17,2022-05-17,2022-05-17,2021-07-19,2022-05-17,2022-05-17,2022-05-17,2022-05-17,3
"Mali","National Government",2022-05-20,10,3,"7",2022-05-10,2022-05-10,2022-05-10,2022-05-10,2022-05-10,2022-05-10,2022-05-10,2022-05-10,2022-05-10,2022-05-10,2021-08-09,2021-08-09,2022-05-10,2022-05-10,2022-05-10,2021-08-09,2022-05-10,2022-05-10,2022-05-10,2022-05-10,10.4375
"Malta","National Government",2022-05-20,3,1,"0",2022-05-17,2022-05-17,2022-05-17,2022-05-17,2022-05-17,2022-05-17,2022-05-17,2022-05-17,2022-05-17,2022-05-17,2021-04-11,2021-04-11,2022-05-17,2022-05-17,2022-05-17,2021-04-11,2022-03-01,2022-05-17,2022-05-17,2022-05-17,3
"Mauritania","National Government",2022-05-20,4,2,"0",2022-05-16,2022-05-16,2022-05-16,2022-05-16,2022-05-16,2022-05-16,2022-05-16,2022-05-16,2022-05-16,2022-05-16,2021-08-16,2021-08-16,2022-05-16,2022-05-16,2022-05-16,2021-08-16,2022-05-16,2022-05-16,2022-05-16,2022-05-16,4
"Mauritius","National Government",2022-05-20,23,0,"0",2022-04-27,2022-04-27,2022-04-27,2022-04-27,2022-04-27,2022-04-27,2022-04-27,2022-04-27,2022-04-27,2022-04-27,2021-08-16,2021-08-16,2022-04-27,2022-04-27,2022-04-27,2021-08-16,2022-04-27,2022-04-27,2022-04-27,2022-04-27,23
"Mexico","National Government",2022-05-20,19,1,"0",2022-05-01,2022-05-01,2022-05-01,2022-05-01,2022-05-01,2022-05-01,2022-05-01,2022-05-01,2022-05-01,2022-05-01,2021-08-16,2021-08-16,2022-05-01,2022-05-01,2022-05-01,2021-08-16,2022-05-01,2022-05-01,2022-05-01,2022-05-01,19
"Moldova","National Government",2022-05-20,4,1,"0",2022-05-16,2022-05-16,2022-05-16,2022-05-16,2022-05-16,2022-05-16,2022-05-16,2022-05-16,2022-05-16,2022-05-16,2021-08-14,2021-08-14,2022-05-16,2022-05-16,2022-05-16,2021-08-14,2022-05-16,2022-05-16,2022-05-16,2022-05-16,4
"Monaco","National Government",2022-05-20,14,0,"0",2022-05-06,2022-05-06,2022-05-06,2022-05-06,2022-05-06,2022-05-06,2022-05-06,2022-05-06,2022-05-06,2022-05-06,2021-08-09,2021-08-09,2022-05-06,2022-05-06,2022-05-06,2021-08-09,2022-02-28,2022-05-06,2022-05-06,2022-05-06,14
"Mongolia","National Government",2022-05-20,0,0,"0",2022-05-20,2022-05-20,2022-05-20,2022-05-20,2022-05-20,2022-05-20,2022-05-20,2022-05-20,2022-05-20,2022-05-20,2021-08-16,2021-08-16,2022-05-20,2022-05-20,2022-05-20,2021-08-16,2022-05-20,2022-05-20,2022-05-20,2022-05-20,0
"Morocco","National Government",2022-05-20,11,0,"0",2022-05-09,2022-05-09,2022-05-09,2022-05-09,2022-05-09,2022-05-09,2022-05-09,2022-05-09,2022-05-09,2022-05-09,2021-07-05,2021-07-05,2022-05-09,2022-05-09,2022-05-09,2021-07-05,2022-05-09,2022-05-09,2022-05-09,2022-05-09,11
"Mozambique","National Government",2022-05-20,15,1,"0",2022-05-05,2022-05-05,2022-05-05,2022-05-05,2022-05-05,2022-05-05,2022-05-05,2022-05-05,2022-05-05,2022-05-05,2021-08-04,2021-08-04,2022-05-05,2022-05-05,2022-05-05,2021-08-04,2022-05-05,2022-05-05,2022-05-05,2022-05-05,15
"Myanmar","National Government",2022-05-20,4,0,"0",2022-05-16,2022-05-16,2022-05-16,2022-05-16,2022-05-16,2022-05-16,2022-05-16,2022-05-16,2022-05-16,2022-05-16,2021-08-09,2021-08-09,2022-05-16,2022-05-16,2022-05-16,2021-08-09,2022-05-16,2022-05-16,2022-05-16,2022-05-16,4
"Namibia","National Government",2022-05-20,4,1,"0",2022-05-16,2022-05-16,2022-05-16,2022-05-16,2022-05-16,2022-05-16,2022-05-16,2022-05-16,2022-05-16,2022-05-16,2021-08-15,2021-08-15,2022-05-16,2022-05-16,2022-05-16,2021-08-15,2022-05-16,2022-05-16,2022-05-16,2022-05-16,4
"Nepal","National Government",2022-05-20,11,0,"0",2022-05-09,2022-05-09,2022-05-09,2022-05-09,2022-05-09,2022-05-09,2022-05-09,2022-05-09,2022-05-09,2022-05-09,2021-07-25,2021-07-03,2022-05-09,2022-05-09,2022-05-09,2021-07-03,2022-05-09,2022-05-09,2022-05-09,2022-05-09,11
"Netherlands","National Government",2022-05-20,13,0,"0",2022-05-07,2022-05-07,2022-05-07,2022-05-07,2022-05-07,2022-05-07,2022-05-07,2022-05-07,2022-05-07,2022-05-07,2021-08-13,2021-08-13,2022-05-07,2022-05-07,2022-05-07,2021-08-13,2022-05-07,2022-05-07,2022-05-07,2022-05-07,13
"New Zealand","National Government",2022-05-20,32,7,"0",2022-04-18,2022-04-18,2022-04-18,2022-04-18,2022-04-18,2022-04-18,2022-04-18,2022-04-18,2022-04-18,2022-04-18,2021-08-16,2021-08-16,2022-04-18,2022-04-18,2022-04-18,2021-08-16,2022-04-18,2022-04-18,2022-04-18,2022-04-18,32
"Nicaragua","National Government",2022-05-20,19,1,"0",2022-05-01,2022-05-01,2022-05-01,2022-05-01,2022-05-01,2022-05-01,2022-05-01,2022-05-01,2022-05-01,2022-05-01,2021-08-03,2021-08-03,2022-05-01,2022-05-01,2022-05-01,2021-08-03,2022-05-01,2022-05-01,2022-05-01,2022-05-01,19
"Niger","National Government",2022-05-20,11.625,0,"22",2022-05-09,2022-05-09,2022-05-09,2022-05-09,2022-05-09,2022-05-09,2022-05-09,2022-05-09,2022-05-09,2022-05-09,2021-08-16,2021-08-16,2022-05-09,2022-05-09,2022-04-29,2021-08-16,2022-05-09,2022-05-09,2022-05-09,2022-05-09,13
"Nigeria","National Government",2022-05-20,11,0,"0",2022-05-09,2022-05-09,2022-05-09,2022-05-09,2022-05-09,2022-05-09,2022-05-09,2022-05-09,2022-05-09,2022-05-09,2021-08-14,2021-08-14,2022-05-09,2022-05-09,2022-05-09,2021-08-14,2022-05-09,2022-05-09,2022-05-09,2022-05-09,11
"Norway","National Government",2022-05-20,13,0,"0",2022-05-07,2022-05-07,2022-05-07,2022-05-07,2022-05-07,2022-05-07,2022-05-07,2022-05-07,2022-05-07,2022-05-07,2021-08-13,2021-08-13,2022-05-07,2022-05-07,2022-05-07,2021-08-13,2022-05-07,2022-05-07,2022-05-07,2022-05-07,13
"Oman","National Government",2022-05-20,18,0,"0",2022-05-02,2022-05-02,2022-05-02,2022-05-02,2022-05-02,2022-05-02,2022-05-02,2022-05-02,2022-05-02,2022-05-02,2021-08-15,2021-08-15,2022-05-02,2022-05-02,2022-05-02,2021-08-15,2022-05-02,2022-05-02,2022-05-02,2022-05-02,18
"Pakistan","National Government",2022-05-20,18,2,"0",2022-05-02,2022-05-02,2022-05-02,2022-05-02,2022-05-02,2022-05-02,2022-05-02,2022-05-02,2022-05-02,2022-05-02,2021-08-16,2021-08-16,2022-05-02,2022-05-02,2022-05-02,2021-08-16,2022-05-02,2022-05-02,2022-05-02,2022-05-02,18
"Palestine","National Government",2022-05-20,0,0,"0",2022-05-20,2022-05-20,2022-05-20,2022-05-20,2022-05-20,2022-05-20,2022-05-20,2022-05-20,2022-05-20,2022-05-20,2021-08-02,2021-08-02,2022-05-20,2022-05-20,2022-05-20,2021-08-02,2022-05-20,2022-05-20,2022-05-20,2022-05-20,0
"Panama","National Government",2022-05-20,11,1,"0",2022-05-09,2022-05-09,2022-05-09,2022-05-09,2022-05-09,2022-05-09,2022-05-09,2022-05-09,2022-05-09,2022-05-09,2021-08-02,2021-08-02,2022-05-09,2022-05-09,2022-05-09,2021-08-02,2022-05-09,2022-05-09,2022-05-09,2022-05-09,11
"Papua New Guinea","National Government",2022-05-20,3,0,"0",2022-05-17,2022-05-17,2022-05-17,2022-05-17,2022-05-17,2022-05-17,2022-05-17,2022-05-17,2022-05-17,2022-05-17,2021-08-06,2021-08-06,2022-05-17,2022-05-17,2022-05-17,2021-08-06,2022-05-17,2022-05-17,2022-05-17,2022-05-17,3
"Paraguay","National Government",2022-05-20,18,0,"0",2022-05-02,2022-05-02,2022-05-02,2022-05-02,2022-05-02,2022-05-02,2022-05-02,2022-05-02,2022-05-02,2022-05-02,2021-07-03,2021-07-03,2022-05-02,2022-05-02,2022-05-02,2021-07-03,2022-05-02,2022-05-02,2022-05-02,2022-05-02,18
"Peru","National Government",2022-05-20,4,0,"0",2022-05-16,2022-05-16,2022-05-16,2022-05-16,2022-05-16,2022-05-16,2022-05-16,2022-05-16,2022-05-16,2022-05-16,2021-08-15,2021-08-15,2022-05-16,2022-05-16,2022-05-16,2021-08-15,2022-05-16,2022-05-16,2022-05-16,2022-05-16,4
"Philippines","National Government",2022-05-20,19.625,0,"0",2022-04-30,2022-04-30,2022-04-30,2022-04-30,2022-04-30,2022-04-30,2022-04-30,2022-05-02,2022-05-02,2022-05-02,2021-08-11,2021-08-11,2022-04-30,2022-04-30,2022-04-30,2021-08-11,2022-04-30,2022-04-30,2022-04-30,2022-04-30,19.625
"Poland","National Government",2022-05-20,11.5,6,"0",2022-05-09,2022-05-09,2022-05-09,2022-05-09,2022-05-09,2022-05-09,2022-05-09,2022-05-09,2022-05-05,2022-05-05,2021-08-13,2021-08-13,2022-05-09,2022-05-09,2022-05-09,2021-08-13,2022-05-09,2022-05-09,2022-05-09,2022-05-09,11.5
"Portugal","National Government",2022-05-20,4,0,"0",2022-05-16,2022-05-16,2022-05-16,2022-05-16,2022-05-16,2022-05-16,2022-05-16,2022-05-16,2022-05-16,2022-05-16,2021-08-12,2021-08-12,2022-05-16,2022-05-16,2022-05-16,2021-08-12,2022-05-16,2022-05-16,2022-05-16,2022-05-16,4
"Puerto Rico","National Government",2022-05-20,25,0,"0",2022-04-25,2022-04-25,2022-04-25,2022-04-25,2022-04-25,2022-04-25,2022-04-25,2022-04-25,2022-04-25,2022-04-25,2021-08-09,2021-08-09,2022-04-25,2022-04-25,2022-04-25,2021-08-09,2022-04-25,2022-04-25,2022-04-25,2022-04-25,25
"Qatar","National Government",2022-05-20,4,0,"0",2022-05-16,2022-05-16,2022-05-16,2022-05-16,2022-05-16,2022-05-16,2022-05-16,2022-05-16,2022-05-16,2022-05-16,2021-07-19,2021-07-19,2022-05-16,2022-05-16,2022-05-16,2021-07-19,2022-05-16,2022-05-16,2022-05-16,2022-05-16,4
"Romania","National Government",2022-05-20,9,0,"0",2022-05-11,2022-05-11,2022-05-11,2022-05-11,2022-05-11,2022-05-11,2022-05-11,2022-05-11,2022-05-11,2022-05-11,2021-08-08,2021-08-08,2022-05-11,2022-05-11,2022-05-11,2021-08-08,2022-05-11,2022-05-11,2022-05-11,2022-05-11,9
"Russia","National Government",2022-05-20,18,0,"0",2022-05-02,2022-05-02,2022-05-02,2022-05-02,2022-05-02,2022-05-02,2022-05-02,2022-05-02,2022-05-02,2022-05-02,2021-08-09,2021-08-09,2022-05-02,2022-05-02,2022-05-02,2021-08-01,2022-05-02,2022-05-02,2022-05-02,2022-05-02,18
"Rwanda","National Government",2022-05-20,18.875,2,"0",2022-05-02,2022-05-02,2022-05-02,2022-05-02,2022-05-02,2022-05-02,2022-05-02,2022-05-02,2022-05-02,2022-05-02,2021-08-16,2021-08-16,2022-05-02,2022-05-02,2022-05-02,2021-08-16,2022-05-02,2022-04-18,2022-05-02,2022-05-02,18.875
"San Marino","National Government",2022-05-20,11,0,"0",2022-05-09,2022-05-09,2022-05-09,2022-05-09,2022-05-09,2022-05-09,2022-05-09,2022-05-09,2022-05-09,2022-05-09,2021-08-15,2021-08-15,2022-05-09,2022-05-09,2022-05-09,2021-08-15,2022-05-09,2022-05-09,2022-05-09,2022-05-09,11
"Saudi Arabia","National Government",2022-05-20,39,0,"0",2022-04-11,2022-04-11,2022-04-11,2022-04-11,2022-04-11,2022-04-11,2022-04-11,2022-04-11,2022-04-11,2022-04-11,2021-07-26,2021-07-26,2022-04-11,2022-04-11,2022-04-11,2021-07-26,2022-04-11,2022-04-11,2022-04-11,2022-04-11,39
"Senegal","National Government",2022-05-20,4,2,"0",2022-05-16,2022-05-16,2022-05-16,2022-05-16,2022-05-16,2022-05-16,2022-05-16,2022-05-16,2022-05-16,2022-05-16,2021-08-16,2021-08-16,2022-05-16,2022-05-16,2022-05-16,2021-08-16,2022-05-16,2022-05-16,2022-05-16,2022-05-16,4
"Serbia","National Government",2022-05-20,4,3,"0",2022-05-16,2022-05-16,2022-05-16,2022-05-16,2022-05-16,2022-05-16,2022-05-16,2022-05-16,2022-05-16,2022-05-16,2021-07-30,2021-07-30,2022-05-16,2022-05-16,2022-05-16,2021-07-30,2022-05-16,2022-05-16,2022-05-16,2022-05-16,4
"Seychelles","National Government",2022-05-20,11,0,"0",2022-05-09,2022-05-09,2022-05-09,2022-05-09,2022-05-09,2022-05-09,2022-05-09,2022-05-09,2022-05-09,2022-05-09,2021-08-10,2021-08-10,2022-05-09,2022-05-09,2022-05-09,2021-08-10,2022-05-09,2022-05-09,2022-05-09,2022-05-09,11
"Sierra Leone","National Government",2022-05-20,4,0,"0",2022-05-16,2022-05-16,2022-05-16,2022-05-16,2022-05-16,2022-05-16,2022-05-16,2022-05-16,2022-05-16,2022-05-16,2021-08-09,2021-08-09,2022-05-16,2022-05-16,2022-05-16,2021-08-09,2022-05-16,2022-05-16,2022-05-16,2022-05-16,4
"Singapore","National Government",2022-05-20,8,0,"0",2022-05-12,2022-05-12,2022-05-12,2022-05-12,2022-05-12,2022-05-12,2022-05-12,2022-05-12,2022-05-12,2022-05-12,2021-08-13,2021-08-13,2022-05-12,2022-05-12,2022-05-12,2021-08-13,2022-05-12,2022-05-12,2022-05-12,2022-05-12,8
"Slovak Republic","National Government",2022-05-20,4,0,"0",2022-05-16,2022-05-16,2022-05-16,2022-05-16,2022-05-16,2022-05-16,2022-05-16,2022-05-16,2022-05-16,2022-05-16,2021-08-07,2021-08-07,2022-05-16,2022-05-16,2022-05-16,2021-08-07,2022-05-16,2022-05-16,2022-05-16,2022-05-16,4
"Slovenia","National Government",2022-05-20,14,1,"0",2022-05-06,2022-05-06,2022-05-06,2022-05-06,2022-05-06,2022-05-06,2022-05-06,2022-05-06,2022-05-06,2022-05-06,2021-08-16,2021-08-16,2022-05-06,2022-05-06,2022-05-06,2021-08-16,2022-05-06,2022-05-06,2022-05-06,2022-05-06,14
"Solomon Islands","National Government",2022-05-20,26,0,"0",2022-04-24,2022-04-24,2022-04-24,2022-04-24,2022-04-24,2022-04-24,2022-04-24,2022-04-24,2022-04-24,2022-04-24,2021-07-19,2021-07-19,2022-04-24,2022-04-24,2022-04-24,2021-07-19,2022-04-24,2022-04-24,2022-04-24,2022-04-24,26
"Somalia","National Government",2022-05-20,32,0,"0",2022-04-18,2022-04-18,2022-04-18,2022-04-18,2022-04-18,2022-04-18,2022-04-18,2022-04-18,2022-04-18,2022-04-18,2021-08-08,2021-08-08,2022-04-18,2022-04-18,2022-04-18,2021-08-08,2022-04-18,2022-04-18,2022-04-18,2022-04-18,32
"South Africa","National Government",2022-05-20,18,2,"0",2022-05-02,2022-05-02,2022-05-02,2022-05-02,2022-05-02,2022-05-02,2022-05-02,2022-05-02,2022-05-02,2022-05-02,2021-08-15,2021-08-15,2022-05-02,2022-05-02,2022-05-02,2021-08-15,2022-05-02,2022-05-02,2022-05-02,2022-05-02,18
"South Korea","National Government",2022-05-20,19,0,"0",2022-05-01,2022-05-01,2022-05-01,2022-05-01,2022-05-01,2022-05-01,2022-05-01,2022-05-01,2022-05-01,2022-05-01,2021-08-15,2021-08-15,2022-05-01,2022-05-01,2022-05-01,2021-08-15,2022-05-01,2022-05-01,2022-05-01,2022-05-01,19
"South Sudan","National Government",2022-05-20,11,0,"0",2022-05-09,2022-05-09,2022-05-09,2022-05-09,2022-05-09,2022-05-09,2022-05-09,2022-05-09,2022-05-09,2022-05-09,2021-08-16,2021-08-16,2022-05-09,2022-05-09,2022-05-09,2021-08-16,2022-05-09,2022-05-09,2022-05-09,2022-05-09,11
"Spain","National Government",2022-05-20,64.875,0,"0",2022-03-21,2022-03-21,2022-03-21,2022-03-15,2022-03-15,2022-03-15,2022-03-15,2022-03-15,2022-03-15,2022-03-15,2021-08-16,2021-08-16,2022-03-15,2022-03-15,2022-03-15,2021-08-16,2022-03-15,2022-03-15,2022-03-15,2022-03-15,64.875
"Sri Lanka","National Government",2022-05-20,11,0,"0",2022-05-09,2022-05-09,2022-05-09,2022-05-09,2022-05-09,2022-05-09,2022-05-09,2022-05-09,2022-05-09,2022-05-09,2021-08-08,2021-08-08,2022-05-09,2022-05-09,2022-05-09,2021-08-08,2022-03-07,2022-05-09,2022-05-09,2022-05-09,11
"Sudan","National Government",2022-05-20,10,0,"0",2022-05-10,2022-05-10,2022-05-10,2022-05-10,2022-05-10,2022-05-10,2022-05-10,2022-05-10,2022-05-10,2022-05-10,2021-07-18,2021-07-18,2022-05-10,2022-05-10,2022-05-10,2021-07-18,2022-05-10,2022-05-10,2022-05-10,2022-05-10,10
"Suriname","National Government",2022-05-20,18,0,"0",2022-05-02,2022-05-02,2022-05-02,2022-05-02,2022-05-02,2022-05-02,2022-05-02,2022-05-02,2022-05-02,2022-05-02,2021-06-12,2021-06-12,2022-05-02,2022-05-02,2022-05-02,2021-06-12,2022-05-02,2022-05-02,2022-05-02,2022-05-02,18
"Sweden","National Government",2022-05-20,3,1,"0",2022-05-17,2022-05-17,2022-05-17,2022-05-17,2022-05-17,2022-05-17,2022-05-17,2022-05-17,2022-05-17,2022-05-17,2021-08-16,2021-08-16,2022-05-17,2022-05-17,2022-05-17,2021-08-16,2022-05-17,2022-05-17,2022-05-17,2022-05-17,3
"Switzerland","National Government",2022-05-20,18.875,1,"0",2022-05-09,2022-05-09,2022-05-09,2022-05-09,2022-05-09,2022-05-09,2022-05-09,2022-05-09,2022-04-18,2022-04-18,2021-08-16,2021-08-16,2022-04-18,2022-05-09,2022-05-09,2021-08-16,2022-04-18,2022-04-18,2022-04-18,2022-04-18,18.875
"Syria","National Government",2022-05-20,36,1,"0",2022-04-14,2022-04-14,2022-04-14,2022-04-14,2022-04-14,2022-04-14,2022-04-14,2022-04-14,2022-04-14,2022-04-14,2021-08-10,2021-08-10,2022-04-14,2022-04-14,2022-04-14,2021-08-10,2022-04-14,2022-04-14,2022-04-14,2022-04-14,36
"Taiwan","National Government",2022-05-20,5,0,"0",2022-05-15,2022-05-15,2022-05-15,2022-05-15,2022-05-15,2022-05-15,2022-05-15,2022-05-15,2022-05-15,2022-05-15,2021-08-11,2021-08-11,2022-05-15,2022-05-15,2022-05-15,2021-08-11,2022-03-22,2022-05-15,2022-05-15,2022-05-15,5
"Tajikistan","National Government",2022-05-20,12,0,"0",2022-05-08,2022-05-08,2022-05-08,2022-05-08,2022-05-08,2022-05-08,2022-05-08,2022-05-08,2022-05-08,2022-05-08,2021-08-15,2021-08-15,2022-05-08,2022-05-08,2022-05-08,2021-08-15,2022-05-08,2022-05-08,2022-05-08,2022-05-08,12
"Tanzania","National Government",2022-05-20,4,0,"0",2022-05-16,2022-05-16,2022-05-16,2022-05-16,2022-05-16,2022-05-16,2022-05-16,2022-05-16,2022-05-16,2022-05-16,2021-08-08,2021-08-08,2022-05-16,2022-05-16,2022-05-16,2021-08-08,2022-05-16,2022-05-16,2022-05-16,2022-05-16,4
"Thailand","National Government",2022-05-20,20,2,"0",2022-04-30,2022-04-30,2022-04-30,2022-04-30,2022-04-30,2022-04-30,2022-04-30,2022-04-30,2022-04-30,2022-04-30,2021-08-16,2021-08-16,2022-04-30,2022-04-30,2022-04-30,2021-08-16,2022-04-30,2022-04-30,2022-04-30,2022-04-30,20
"Timor-Leste","National Government",2022-05-20,18,0,"1",2022-05-02,2022-05-02,2022-05-02,2022-05-02,2022-05-02,2022-05-02,2022-05-02,2022-05-02,2022-05-02,2022-05-02,2021-08-15,2021-08-15,2022-05-02,2022-05-02,2022-05-02,2021-08-15,2022-05-02,2022-05-02,2022-05-02,2022-05-02,18.0625
"Togo","National Government",2022-05-20,15.375,1,"0",2022-05-12,2022-05-12,2022-05-12,2022-05-12,2022-05-12,2022-05-12,2022-05-12,2022-05-12,2022-03-14,2022-03-14,2021-08-16,2021-08-02,2022-05-12,2022-05-12,2022-05-12,2021-08-02,2022-05-12,2022-05-12,2022-05-12,2022-05-12,15.375
"Tonga","National Government",2022-05-20,5,0,"0",2022-05-15,2022-05-15,2022-05-15,2022-05-15,2022-05-15,2022-05-15,2022-05-15,2022-05-15,2022-05-15,2022-05-15,2021-07-26,2021-07-26,2022-05-15,2022-05-15,2022-05-15,2021-07-26,2022-05-15,2022-05-15,2022-05-15,2022-05-15,5
"Trinidad and Tobago","National Government",2022-05-20,4,0,"0",2022-05-16,2022-05-16,2022-05-16,2022-05-16,2022-05-16,2022-05-16,2022-05-16,2022-05-16,2022-05-16,2022-05-16,2021-06-21,2021-06-21,2022-05-16,2022-05-16,2022-05-16,2021-06-21,2022-05-16,2022-05-16,2022-05-16,2022-05-16,4
"Tunisia","National Government",2022-05-20,3,1,"0",2022-05-17,2022-05-17,2022-05-17,2022-05-17,2022-05-17,2022-05-17,2022-05-17,2022-05-17,2022-05-17,2022-05-17,2021-07-25,2021-07-23,2022-05-17,2022-05-17,2022-05-17,2021-07-25,2022-05-17,2022-05-17,2022-05-17,2022-05-17,3
"Turkey","National Government",2022-05-20,5,2,"0",2022-05-15,2022-05-15,2022-05-15,2022-05-15,2022-05-15,2022-05-15,2022-05-15,2022-05-15,2022-05-15,2022-05-15,2021-08-11,2021-08-11,2022-05-15,2022-05-15,2022-05-15,2021-08-11,2022-05-15,2022-05-15,2022-05-15,2022-05-15,5
"Turkmenistan","National Government",2022-05-20,11,0,"0",2022-05-09,2022-05-09,2022-05-09,2022-05-09,2022-05-09,2022-05-09,2022-05-09,2022-05-09,2022-05-09,2022-05-09,2021-08-09,2021-08-09,2022-05-09,2022-05-09,2022-05-09,2021-08-09,2022-05-09,2022-05-09,2022-05-09,2022-05-09,11
"Uganda","National Government",2022-05-20,11,0,"0",2022-05-09,2022-05-09,2022-05-09,2022-05-09,2022-05-09,2022-05-09,2022-05-09,2022-05-09,2022-05-09,2022-05-09,2021-08-10,2021-08-10,2022-05-09,2022-05-09,2022-05-09,2021-08-10,2022-04-18,2022-05-09,2022-05-09,2022-05-09,11
"Ukraine","National Government",2022-05-20,11,2,"0",2022-05-09,2022-05-09,2022-05-09,2022-05-09,2022-05-09,2022-05-09,2022-05-09,2022-05-09,2022-05-09,2022-05-09,2021-08-01,2021-08-01,2022-05-09,2022-05-09,2022-05-09,2021-08-01,2022-05-09,2022-05-09,2022-05-09,2022-05-09,11
"United Arab Emirates","National Government",2022-05-20,11,0,"0",2022-05-09,2022-05-09,2022-05-09,2022-05-09,2022-05-09,2022-05-09,2022-05-09,2022-05-09,2022-05-09,2022-05-09,2021-08-16,2021-08-16,2022-05-09,2022-05-09,2022-05-09,2021-08-16,2022-05-09,2022-05-09,2022-05-09,2022-05-09,11
"United Kingdom","National Government",2022-05-20,2,0,"0",2022-05-18,2022-05-18,2022-05-18,2022-05-18,2022-05-18,2022-05-18,2022-05-18,2022-05-18,2022-05-18,2022-05-18,2021-08-13,2021-08-13,2022-05-18,2022-05-18,2022-05-18,2021-08-13,2022-05-18,2022-05-18,2022-05-18,2022-05-18,2
"United Kingdom","England",2022-05-20,2,0,"20",2022-05-18,2022-05-18,2022-05-18,2022-05-18,2022-05-18,2022-05-18,2022-05-18,2022-05-18,2022-05-18,2022-05-18,2021-08-13,2021-08-13,2022-05-18,2022-05-18,2022-05-18,2021-08-13,2022-05-18,2022-05-18,2022-05-18,2022-05-18,3.25
"United Kingdom","Northern Ireland",2022-05-20,2,0,"20",2022-05-18,2022-05-18,2022-05-18,2022-05-18,2022-05-18,2022-05-18,2022-05-18,2022-05-18,2022-05-18,2022-05-18,2021-08-13,2021-08-13,2022-05-18,2022-05-18,2022-05-18,2021-08-13,2022-05-18,2022-05-18,2022-05-18,2022-05-18,3.25
"United Kingdom","Scotland",2022-05-20,2,0,"21",2022-05-18,2022-05-18,2022-05-18,2022-05-18,2022-05-18,2022-05-18,2022-05-18,2022-05-18,2022-05-18,2022-05-18,2021-08-13,2021-08-13,2022-05-18,2022-05-18,2022-05-18,2021-08-13,2022-05-18,2022-05-18,2022-05-18,2022-05-18,3.3125
"United Kingdom","Wales",2022-05-20,2,0,"21",2022-05-18,2022-05-18,2022-05-18,2022-05-18,2022-05-18,2022-05-18,2022-05-18,2022-05-18,2022-05-18,2022-05-18,2021-08-13,2021-08-13,2022-05-18,2022-05-18,2022-05-18,2021-08-13,2022-05-18,2022-05-18,2022-05-18,2022-05-18,3.3125
"United States","Maryland",2022-05-20,24,0,"12",2022-04-26,2022-04-26,2022-04-26,2022-04-26,2022-04-26,2022-04-26,2022-04-26,2022-04-26,2022-04-26,2022-04-26,2021-02-12,2020-12-07,2022-04-26,2022-04-26,2022-04-26,2020-12-07,2020-12-07,2022-04-26,2022-04-26,2022-04-26,24.75
"United States","Oklahoma",2022-05-20,23,9,"384",2022-04-27,2022-04-27,2022-04-27,2022-04-27,2022-04-27,2022-04-27,2022-04-27,2022-04-27,2022-04-27,2022-04-27,2021-08-02,2021-08-02,2022-04-27,2022-04-27,2022-04-27,2021-08-02,2021-10-11,2022-04-27,2022-04-27,2022-04-27,47
"United States","Louisiana",2022-05-20,19.625,9,"42",2022-05-15,2022-05-15,2022-05-15,2022-05-15,2022-05-15,2022-05-15,2022-05-15,2022-04-03,2022-04-21,2022-04-21,-Inf,-Inf,2022-04-21,2022-04-21,2022-04-21,-Inf,-Inf,2022-04-21,2022-04-21,2022-04-21,22.25
"United States","National Government",2022-05-20,18.25,0,"0",2022-05-04,2022-05-04,2022-05-04,2022-05-04,2022-05-04,2022-05-04,2022-05-04,2022-04-25,2022-04-25,2022-04-25,2021-07-05,2021-07-05,2022-04-25,2022-05-04,2022-05-04,2021-07-05,2021-12-01,2022-05-04,2022-05-04,2022-05-04,18.25
"United States","Delaware",2022-05-20,18,0,"2",2022-05-02,2022-05-02,2022-05-02,2022-05-02,2022-05-02,2022-05-02,2022-05-02,2022-05-02,2022-05-02,2022-05-02,2021-05-16,2021-05-16,2022-05-02,2022-05-02,2022-05-02,2021-05-16,2021-10-25,2022-05-02,2022-05-02,2022-05-02,18.125
"United States","Kentucky",2022-05-20,18,0,"0",2022-05-02,2022-05-02,2022-05-02,2022-05-02,2022-05-02,2022-05-02,2022-05-02,2022-05-02,2022-05-02,2022-05-02,2021-02-22,2021-02-22,2022-05-02,2022-05-02,2022-05-02,2021-02-22,2022-04-11,2022-05-02,2022-05-02,2022-05-02,18
"United States","Tennessee",2022-05-20,18,0,"19",2022-05-02,2022-05-02,2022-05-02,2022-05-02,2022-05-02,2022-05-02,2022-05-02,2022-05-02,2022-05-02,2022-05-02,2021-04-19,2021-04-19,2022-05-02,2022-05-02,2022-05-02,2021-04-19,2022-02-08,2022-05-02,2022-05-02,2022-05-02,19.1875
"United States","Virginia",2022-05-20,17.0625,1,"0",2022-05-02,2022-05-03,2022-05-09,2022-05-09,2022-05-02,2022-05-02,2022-05-02,2022-05-02,2022-05-02,2022-05-02,2021-07-19,2021-07-19,2022-05-02,2022-05-02,2022-05-02,2021-07-19,2022-05-02,2022-05-02,2022-05-02,2022-05-02,17.0625
"United States","New Hampshire",2022-05-20,16,4,"5",2022-05-04,2022-05-04,2022-05-04,2022-05-04,2022-05-04,2022-05-04,2022-05-04,2022-05-04,2022-05-04,2022-05-04,-Inf,-Inf,2022-05-04,2022-05-04,2022-05-04,-Inf,2022-01-18,2022-05-04,2022-05-04,2022-05-04,16.3125
"United States","South Dakota",2022-05-20,16,0,"0",2022-05-04,2022-05-04,2022-05-04,2022-05-04,2022-05-04,2022-05-04,2022-05-04,2022-05-04,2022-05-04,2022-05-04,2021-02-01,2021-02-01,2022-05-04,2022-05-04,2022-05-04,2020-12-07,2022-03-09,2022-05-04,2022-05-04,2022-05-04,16
"United States","Arizona",2022-05-20,14,7,"0",2022-05-06,2022-05-06,2022-05-06,2022-05-06,2022-05-06,2022-05-06,2022-05-06,2022-05-06,2022-05-06,2022-05-06,2021-07-05,2021-07-05,2022-05-06,2022-05-06,2022-05-06,2021-07-05,2022-02-07,2022-05-06,2022-05-06,2022-05-06,14
"United States","Indiana",2022-05-20,14,12,"0",2022-05-06,2022-05-06,2022-05-06,2022-05-06,2022-05-06,2022-05-06,2022-05-06,2022-05-06,2022-05-06,2022-05-06,2021-08-08,2021-08-08,2022-05-06,2022-05-06,2022-05-06,2021-08-08,2021-10-11,2022-05-06,2022-05-06,2022-05-06,14
"United States","Utah",2022-05-20,14,0,"0",2022-05-06,2022-05-06,2022-05-06,2022-05-06,2022-05-06,2022-05-06,2022-05-06,2022-05-06,2022-05-06,2022-05-06,2021-07-07,2021-07-07,2022-05-06,2022-05-06,2022-05-06,2021-07-08,2022-03-14,2022-05-06,2022-05-06,2022-05-06,14
"United States","Ohio",2022-05-20,13.625,0,"131",2022-05-09,2022-05-09,2022-05-09,2022-05-09,2022-05-09,2022-05-09,2022-05-09,2022-05-09,2022-04-18,2022-05-09,-Inf,-Inf,2022-05-09,2022-05-09,2022-05-09,-Inf,2022-04-18,2022-05-09,2022-05-09,2022-04-18,21.8125
"United States","South Carolina",2022-05-20,12.3125,8,"385",2022-05-16,2022-05-16,2022-05-09,2022-05-16,2022-05-16,2022-05-16,2022-05-16,2022-05-16,2022-03-21,2022-03-21,2021-08-16,2021-08-16,2022-05-16,2022-05-16,2022-05-16,2021-08-16,2021-08-23,2022-05-16,2022-05-16,2022-05-02,36.375
"United States","Arkansas",2022-05-20,12,7,"21",2022-05-08,2022-05-08,2022-05-08,2022-05-08,2022-05-08,2022-05-08,2022-05-08,2022-05-08,2022-05-08,2022-05-08,2021-08-15,2021-08-15,2022-05-08,2022-05-08,2022-05-08,2021-08-15,2022-03-22,2022-05-08,2022-05-08,2022-05-08,13.3125
"United States","Nevada",2022-05-20,12,8,"128",2022-05-08,2022-05-08,2022-05-08,2022-05-08,2022-05-08,2022-05-08,2022-05-08,2022-05-08,2022-05-08,2022-05-08,2021-07-07,2021-07-07,2022-05-08,2022-05-08,2022-05-08,2021-07-07,2021-07-07,2022-05-08,2022-05-08,2022-05-08,20
"United States","Wisconsin",2022-05-20,12,0,"7",2022-05-08,2022-05-08,2022-05-08,2022-05-08,2022-05-08,2022-05-08,2022-05-08,2022-05-08,2022-05-08,2022-05-08,2021-08-08,2021-08-08,2022-05-08,2022-05-08,2022-05-08,2021-08-08,2022-02-21,2022-05-08,2022-05-08,2022-05-08,12.4375
"United States","Montana",2022-05-20,11,0,"3",2022-05-09,2022-05-09,2022-05-09,2022-05-09,2022-05-09,2022-05-09,2022-05-09,2022-05-09,2022-05-09,2022-05-09,2021-06-01,2021-06-01,2022-05-09,2022-05-09,2022-05-09,2021-03-30,2022-01-17,2022-05-09,2022-05-09,2022-05-09,11.1875
"United States","New Mexico",2022-05-20,11,7,"0",2022-05-09,2022-05-09,2022-05-09,2022-05-09,2022-05-09,2022-05-09,2022-05-09,2022-05-09,2022-05-09,2022-05-09,2021-07-06,2021-07-06,2022-05-09,2022-05-09,2022-05-09,2021-07-06,2021-11-15,2022-05-09,2022-05-09,2022-05-09,11
"United States","Colorado",2022-05-20,10.125,0,"0",2022-05-16,2022-05-16,2022-05-16,2022-05-16,2022-05-16,2022-05-16,2022-05-16,2022-05-16,2022-05-16,2022-05-02,-Inf,-Inf,2022-05-02,2022-05-02,2022-05-02,-Inf,2022-03-28,2022-05-02,2022-05-02,2022-05-02,10.125
"United States","Massachusetts",2022-05-20,10,14,"0",2022-05-10,2022-05-10,2022-05-10,2022-05-10,2022-05-10,2022-05-10,2022-05-10,2022-05-10,2022-05-10,2022-05-10,2021-06-30,2021-06-30,2022-05-10,2022-05-10,2022-05-10,2021-06-14,2021-06-14,2022-05-10,2022-05-10,2022-05-10,10
"United States","Connecticut",2022-05-20,9,0,"0",2022-05-11,2022-05-11,2022-05-11,2022-05-11,2022-05-11,2022-05-11,2022-05-11,2022-05-11,2022-05-11,2022-05-11,2021-03-15,-Inf,2022-05-11,2022-05-11,2022-05-11,2021-02-04,2021-12-10,2022-05-11,2022-05-11,2022-05-11,9
"United States","North Carolina",2022-05-20,9,0,"1",2022-05-11,2022-05-11,2022-05-11,2022-05-11,2022-05-11,2022-05-11,2022-05-11,2022-05-11,2022-05-11,2022-05-11,-Inf,-Inf,2022-05-11,2022-05-11,2022-05-11,-Inf,-Inf,2022-05-11,2022-05-11,2022-05-11,9.0625
"United States","Wyoming",2022-05-20,8.5,11,"160",2022-05-17,2022-05-17,2022-04-25,2022-05-17,2022-05-17,2022-05-17,2022-05-17,2022-05-17,2022-04-25,2022-04-25,2020-08-06,2020-08-06,2022-05-17,2022-05-17,2022-05-17,-Inf,2020-07-24,2022-05-17,2022-05-17,2022-04-25,18.5
"United States","California",2022-05-20,8,10,"0",2022-05-12,2022-05-12,2022-05-12,2022-05-12,2022-05-12,2022-05-12,2022-05-12,2022-05-12,2022-05-12,2022-05-12,2021-08-01,2021-08-01,2022-05-12,2022-05-12,2022-05-12,2021-08-01,2021-10-25,2022-05-12,2022-05-12,2022-05-12,8
"United States","Alabama",2022-05-20,6,8,"80",2022-05-14,2022-05-14,2022-05-14,2022-05-14,2022-05-14,2022-05-14,2022-05-14,2022-05-14,2022-05-14,2022-05-14,2021-04-05,2021-04-05,2022-05-14,2022-05-14,2022-05-14,2021-04-05,2022-03-16,2022-05-14,2022-05-14,2022-05-14,11
"United States","Washington DC",2022-05-20,6,0,"0",2022-05-14,2022-05-14,2022-05-14,2022-05-14,2022-05-14,2022-05-14,2022-05-14,2022-05-14,2022-05-14,2022-05-14,2020-11-23,2020-11-23,2022-05-14,2022-05-14,2022-05-14,2020-11-23,2020-11-23,2022-05-14,2022-05-14,2022-05-14,6
"United States","Iowa",2022-05-20,6,4,"0",2022-05-14,2022-05-14,2022-05-14,2022-05-14,2022-05-14,2022-05-14,2022-05-14,2022-05-14,2022-05-14,2022-05-14,2020-08-19,2020-08-19,2022-05-14,2022-05-14,2022-05-14,2020-08-11,2021-11-01,2022-05-14,2022-05-14,2022-05-14,6
"United States","Michigan",2022-05-20,6,0,"0",2022-05-14,2022-05-14,2022-05-14,2022-05-14,2022-05-14,2022-05-14,2022-05-14,2022-05-14,2022-05-14,2022-05-14,2021-08-16,2021-08-16,2022-05-14,2022-05-14,2022-05-14,2021-08-16,2022-02-28,2022-05-14,2022-05-14,2022-05-14,6
"United States","Oregon",2022-05-20,6,12,"0",2022-05-14,2022-05-14,2022-05-14,2022-05-14,2022-05-14,2022-05-14,2022-05-14,2022-05-14,2022-05-14,2022-05-14,2021-04-11,2021-04-11,2022-05-14,2022-05-14,2022-05-14,2021-06-28,2021-11-22,2022-05-14,2022-05-14,2022-05-14,6
"United States","Alaska",2022-05-20,5,0,"0",2022-05-15,2022-05-15,2022-05-15,2022-05-15,2022-05-15,2022-05-15,2022-05-15,2022-05-15,2022-05-15,2022-05-15,2021-08-04,2021-08-04,2022-05-15,2022-05-15,2022-05-15,2021-08-04,2021-10-04,2022-05-15,2022-05-15,2022-05-15,5
"United States","Georgia",2022-05-20,5,1,"1",2022-05-15,2022-05-15,2022-05-15,2022-05-15,2022-05-15,2022-05-15,2022-05-15,2022-05-15,2022-05-15,2022-05-15,2021-08-17,2021-08-17,2022-05-15,2022-05-15,2022-05-15,2021-08-17,2022-04-19,2022-05-15,2022-05-15,2022-05-15,5.0625
"United States","Minnesota",2022-05-20,5,7,"12",2022-05-15,2022-05-15,2022-05-15,2022-05-15,2022-05-15,2022-05-15,2022-05-15,2022-05-15,2022-05-15,2022-05-15,2020-12-06,2020-12-06,2022-05-15,2022-05-15,2022-05-15,2020-12-06,2022-04-10,2022-05-15,2022-05-15,2022-05-15,5.75
"United States","Mississippi",2022-05-20,5,0,"8",2022-05-15,2022-05-15,2022-05-15,2022-05-15,2022-05-15,2022-05-15,2022-05-15,2022-05-15,2022-05-15,2022-05-15,-Inf,-Inf,2022-05-15,2022-05-15,2022-05-15,-Inf,2022-04-26,2022-05-15,2022-05-15,2022-05-15,5.5
"United States","North Dakota",2022-05-20,5,10,"112",2022-05-15,2022-05-15,2022-05-15,2022-05-15,2022-05-15,2022-05-15,2022-05-15,2022-05-15,2022-05-15,2022-05-15,-Inf,-Inf,2022-05-15,2022-05-15,2022-05-15,-Inf,2021-10-07,2022-05-15,2022-05-15,2022-05-15,12
"United States","Texas",2022-05-20,5,0,"1",2022-05-15,2022-05-15,2022-05-15,2022-05-15,2022-05-15,2022-05-15,2022-05-15,2022-05-15,2022-05-15,2022-05-15,2021-08-02,2021-08-02,2022-05-15,2022-05-15,2022-05-15,2021-08-02,2022-03-01,2022-05-15,2022-05-15,2022-05-15,5.0625
"United States","Washington",2022-05-20,5,4,"0",2022-05-15,2022-05-15,2022-05-15,2022-05-15,2022-05-15,2022-05-15,2022-05-15,2022-05-15,2022-05-15,2022-05-15,2021-04-05,2021-04-05,2022-05-15,2022-05-15,2022-05-15,2021-08-06,2021-11-03,2022-05-15,2022-05-15,2022-05-15,5
"United States","Florida",2022-05-20,4,1,"0",2022-05-16,2022-05-16,2022-05-16,2022-05-16,2022-05-16,2022-05-16,2022-05-16,2022-05-16,2022-05-16,2022-05-16,2021-08-16,2021-08-16,2022-05-16,2022-05-16,2022-05-16,2021-08-16,2022-05-16,2022-05-16,2022-05-16,2022-05-16,4
"United States","Hawaii",2022-05-20,4,0,"1",2022-05-16,2022-05-16,2022-05-16,2022-05-16,2022-05-16,2022-05-16,2022-05-16,2022-05-16,2022-05-16,2022-05-16,2021-07-19,2021-07-19,2022-05-16,2022-05-16,2022-05-16,2021-07-19,2021-10-16,2022-05-16,2022-05-16,2022-05-16,4.0625
"United States","Idaho",2022-05-20,4,0,"23",2022-05-16,2022-05-16,2022-05-16,2022-05-16,2022-05-16,2022-05-16,2022-05-16,2022-05-16,2022-05-16,2022-05-16,-Inf,-Inf,2022-05-16,2022-05-16,2022-05-16,2020-03-06,2022-02-14,2022-05-16,2022-05-16,2022-05-16,5.4375
"United States","Illinois",2022-05-20,4,9,"0",2022-05-16,2022-05-16,2022-05-16,2022-05-16,2022-05-16,2022-05-16,2022-05-16,2022-05-16,2022-05-16,2022-05-16,2021-08-16,2021-08-16,2022-05-16,2022-05-16,2022-05-16,2021-08-16,2021-09-27,2022-05-16,2022-05-16,2022-05-16,4
"United States","Kansas",2022-05-20,4,1,"9",2022-05-16,2022-05-16,2022-05-16,2022-05-16,2022-05-16,2022-05-16,2022-05-16,2022-05-16,2022-05-16,2022-05-16,-Inf,-Inf,2022-05-16,2022-05-16,2022-05-16,-Inf,2022-04-11,2022-05-16,2022-05-16,2022-05-16,4.5625
"United States","Maine",2022-05-20,4,1,"1",2022-05-16,2022-05-16,2022-05-16,2022-05-16,2022-05-16,2022-05-16,2022-05-16,2022-05-16,2022-05-16,2022-05-16,2021-03-22,2021-03-22,2022-05-16,2022-05-16,2022-05-16,2021-03-22,2021-03-22,2022-05-16,2022-05-16,2022-05-16,4.0625
"United States","Missouri",2022-05-20,4,0,"0",2022-05-16,2022-05-16,2022-05-16,2022-05-16,2022-05-16,2022-05-16,2022-05-16,2022-05-16,2022-05-16,2022-05-16,2020-08-26,-Inf,2022-05-16,2022-05-16,2022-05-16,-Inf,2022-05-16,2022-05-16,2022-05-16,2022-05-16,4
"United States","Nebraska",2022-05-20,4,1,"0",2022-05-16,2022-05-16,2022-05-16,2022-05-16,2022-05-16,2022-05-16,2022-05-16,2022-05-16,2022-05-16,2022-05-16,-Inf,-Inf,2022-05-16,2022-05-16,2022-05-16,-Inf,2021-09-20,2022-05-16,2022-05-16,2022-05-16,4
"United States","New Jersey",2022-05-20,4,9,"2",2022-05-16,2022-05-16,2022-05-16,2022-05-16,2022-05-16,2022-05-16,2022-05-16,2022-05-16,2022-05-16,2022-05-16,-Inf,-Inf,2022-05-16,2022-05-16,2022-05-16,2020-12-21,2020-12-21,2022-05-16,2022-05-16,2022-05-16,4.125
"United States","New York",2022-05-20,4,0,"0",2022-05-16,2022-05-16,2022-05-16,2022-05-16,2022-05-16,2022-05-16,2022-05-16,2022-05-16,2022-05-16,2022-05-16,2020-11-30,2020-11-30,2022-05-16,2022-05-16,2022-05-16,2020-11-30,2020-11-30,2022-05-16,2022-05-16,2022-05-16,4
"United States","Rhode Island",2022-05-20,4,0,"14",2022-05-16,2022-05-16,2022-05-16,2022-05-16,2022-05-16,2022-05-16,2022-05-16,2022-05-16,2022-05-16,2022-05-16,-Inf,-Inf,2022-05-16,2022-05-16,2022-05-16,-Inf,2022-01-24,2022-05-16,2022-05-16,2022-05-16,4.875
"United States","Vermont",2022-05-20,4,9,"4",2022-05-16,2022-05-16,2022-05-16,2022-05-16,2022-05-16,2022-05-16,2022-05-16,2022-05-16,2022-05-16,2022-05-16,-Inf,-Inf,2022-05-16,2022-05-16,2022-05-16,-Inf,2022-05-16,2022-05-16,2022-05-16,2022-05-16,4.25
"United States","West Virginia",2022-05-20,4,12,"14",2022-05-16,2022-05-16,2022-05-16,2022-05-16,2022-05-16,2022-05-16,2022-05-16,2022-05-16,2022-05-16,2022-05-16,2021-07-19,2021-07-19,2022-05-16,2022-05-16,2022-05-16,2021-08-16,2022-05-16,2022-05-16,2022-05-16,2022-05-16,4.875
"United States","Pennsylvania",2022-05-20,2,0,"8",2022-05-18,2022-05-18,2022-05-18,2022-05-18,2022-05-18,2022-05-18,2022-05-18,2022-05-18,2022-05-18,2022-05-18,2021-05-08,2021-05-08,2022-05-18,2022-05-18,2022-05-18,2021-05-08,2022-04-27,2022-05-18,2022-05-18,2022-05-18,2.5
"United States Virgin Islands","National Government",2022-05-20,11,0,"0",2022-05-09,2022-05-09,2022-05-09,2022-05-09,2022-05-09,2022-05-09,2022-05-09,2022-05-09,2022-05-09,2022-05-09,2021-06-28,2021-06-28,2022-05-09,2022-05-09,2022-05-09,2021-06-28,2022-05-09,2022-05-09,2022-05-09,2022-05-09,11
"Uruguay","National Government",2022-05-20,3,0,"0",2022-05-17,2022-05-17,2022-05-17,2022-05-17,2022-05-17,2022-05-17,2022-05-17,2022-05-17,2022-05-17,2022-05-17,2021-08-16,2021-08-16,2022-05-17,2022-05-17,2022-05-17,2021-08-16,2022-05-17,2022-05-17,2022-05-17,2022-05-17,3
"Uzbekistan","National Government",2022-05-20,1,4,"0",2022-05-19,2022-05-19,2022-05-19,2022-05-19,2022-05-19,2022-05-19,2022-05-19,2022-05-19,2022-05-19,2022-05-19,2021-08-15,2021-08-15,2022-05-19,2022-05-19,2022-05-19,2021-08-15,2022-05-19,2022-05-19,2022-05-19,2022-05-19,1
"Vanuatu","National Government",2022-05-20,4,0,"0",2022-05-16,2022-05-16,2022-05-16,2022-05-16,2022-05-16,2022-05-16,2022-05-16,2022-05-16,2022-05-16,2022-05-16,2021-08-16,2021-08-16,2022-05-16,2022-05-16,2022-05-16,2021-08-16,2022-05-16,2022-05-16,2022-05-16,2022-05-16,4
"Venezuela","National Government",2022-05-20,18,2,"0",2022-05-02,2022-05-02,2022-05-02,2022-05-02,2022-05-02,2022-05-02,2022-05-02,2022-05-02,2022-05-02,2022-05-02,2021-08-15,2021-08-15,2022-05-02,2022-05-02,2022-05-02,2021-08-15,2022-05-02,2022-05-02,2022-05-02,2022-05-02,18
"Vietnam","National Government",2022-05-20,18,3,"0",2022-05-02,2022-05-02,2022-05-02,2022-05-02,2022-05-02,2022-05-02,2022-05-02,2022-05-02,2022-05-02,2022-05-02,2021-08-16,2021-08-16,2022-05-02,2022-05-02,2022-05-02,2021-08-16,2022-05-02,2022-05-02,2022-05-02,2022-05-02,18
"Yemen","National Government",2022-05-20,4,1,"0",2022-05-16,2022-05-16,2022-05-16,2022-05-16,2022-05-16,2022-05-16,2022-05-16,2022-05-16,2022-05-16,2022-05-16,2021-07-19,2021-07-19,2022-05-16,2022-05-16,2022-05-16,2021-07-19,2022-05-16,2022-05-16,2022-05-16,2022-05-16,4
"Zambia","National Government",2022-05-20,39,2,"0",2022-04-11,2022-04-11,2022-04-11,2022-04-11,2022-04-11,2022-04-11,2022-04-11,2022-04-11,2022-04-11,2022-04-11,2021-08-16,2021-08-16,2022-04-11,2022-04-11,2022-04-11,2021-08-16,2022-04-11,2022-04-11,2022-04-11,2022-04-11,39
"Zimbabwe","National Government",2022-05-20,5.25,0,"0",2022-05-17,2022-05-17,2022-05-17,2022-05-17,2022-04-11,2022-05-17,2022-05-17,2022-05-17,2022-05-17,2022-05-17,2021-08-15,2021-08-15,2022-05-17,2022-05-17,2022-05-17,2021-08-15,2022-05-17,2022-05-17,2022-05-17,2022-05-17,5.25
