"Jurisdiction","Current date","Outdated coding in days (avg.)","Flagged days (total)","Forgotten boxes (total)","C1: School closing","C2: Workplace closing","C3: Cancel public events","C4: Restrictions on gatherings","C5: Close public transport","C6: Stay at home requirements","C7: Restrictions on internal movement","C8: International travel controls","E1: Income support","E2: Debt/contract relief","E3: Fiscal measures","E4: International support","H1: Public information campaigns","H2: Testing policy","H3: Contact tracing","H4: Emergency investment in healthcare","H5: Investment in vaccines","H6: Facial Coverings","H7: Vaccination policy","H8: Protection of elderly people","Missing days (avg.)"
"Michigan",2022-03-25,25,1,"1",2022-02-28,2022-02-28,2022-02-28,2022-02-28,2022-02-28,2022-02-28,2022-02-28,2022-02-28,2022-02-28,2022-02-28,2021-08-16,2021-08-16,2022-02-28,2022-02-28,2022-02-28,2021-08-16,2022-02-28,2022-02-28,2022-02-28,2022-02-28,25.0625
"South Carolina",2022-03-25,25,3,"0",2022-02-28,2022-02-28,2022-02-28,2022-02-28,2022-02-28,2022-02-28,2022-02-28,2022-02-28,2022-02-28,2022-02-28,2021-08-16,2021-08-16,2022-02-28,2022-02-28,2022-02-28,2021-08-16,2021-08-23,2022-02-28,2022-02-28,2022-02-28,25
"Virginia",2022-03-25,17,4,"0",2022-03-08,2022-03-08,2022-03-08,2022-03-08,2022-03-08,2022-03-08,2022-03-08,2022-03-08,2022-03-08,2022-03-08,2021-07-19,2021-07-19,2022-03-08,2022-03-08,2022-03-08,2021-07-19,2022-01-03,2022-03-08,2022-03-08,2022-03-08,17
"Arizona",2022-03-25,16,10,"0",2022-03-09,2022-03-09,2022-03-09,2022-03-09,2022-03-09,2022-03-09,2022-03-09,2022-03-09,2022-03-09,2022-03-09,2021-07-05,2021-07-05,2022-03-09,2022-03-09,2022-03-09,2021-07-05,2022-02-07,2022-03-09,2022-03-09,2022-03-09,16
"Georgia",2022-03-25,15.375,1,"1",2022-03-14,2022-03-14,2022-03-14,2022-03-14,2022-03-14,2022-03-14,2022-02-07,2022-02-07,2022-03-14,2022-03-14,2021-08-17,2021-08-17,2022-03-14,2022-03-14,2022-03-14,2021-08-17,2021-08-30,2022-03-14,2022-03-14,2022-03-14,15.4375
"Tennessee",2022-03-25,13,2,"19",2022-03-12,2022-03-12,2022-03-12,2022-03-12,2022-03-12,2022-03-12,2022-03-12,2022-03-12,2022-03-12,2022-03-12,2021-04-19,2021-04-19,2022-03-12,2022-03-12,2022-03-12,2021-04-19,2022-02-08,2022-03-12,2022-03-12,2022-03-12,14.1875
"Nevada",2022-03-25,12,9,"0",2022-03-13,2022-03-13,2022-03-13,2022-03-13,2022-03-13,2022-03-13,2022-03-13,2022-03-13,2022-03-13,2022-03-13,2021-07-07,2021-07-07,2022-03-13,2022-03-13,2022-03-13,2021-07-07,2021-07-07,2022-03-13,2022-03-13,2022-03-13,12
"Montana",2022-03-25,11.5625,0,"3",2022-03-14,2022-03-14,2022-03-14,2022-03-14,2022-03-14,2022-03-14,2022-03-14,2022-03-14,2022-03-14,2022-03-14,2021-06-01,2021-06-01,2022-03-14,2022-03-14,2022-03-05,2021-03-30,2022-01-17,2022-03-14,2022-03-14,2022-03-14,11.75
"Louisiana",2022-03-25,11.5,14,"24",2022-03-14,2022-03-14,2022-03-14,2022-03-14,2022-03-14,2022-03-14,2022-03-14,2022-03-14,2022-03-14,2022-03-14,,,2022-03-14,2022-03-14,2022-03-06,,,2022-03-14,2022-03-14,2022-03-14,13
"Alaska",2022-03-25,11,1,"0",2022-03-14,2022-03-14,2022-03-14,2022-03-14,2022-03-14,2022-03-14,2022-03-14,2022-03-14,2022-03-14,2022-03-14,2021-08-04,2021-08-04,2022-03-14,2022-03-14,2022-03-14,2021-08-04,2021-10-04,2022-03-14,2022-03-14,2022-03-14,11
"Alabama",2022-03-25,11,13,"0",2022-03-14,2022-03-14,2022-03-14,2022-03-14,2022-03-14,2022-03-14,2022-03-14,2022-03-14,2022-03-14,2022-03-14,2021-04-05,2021-04-05,2022-03-14,2022-03-14,2022-03-14,2021-04-05,2022-03-16,2022-03-14,2022-03-14,2022-03-14,11
"Arkansas",2022-03-25,11,12,"0",2022-03-14,2022-03-14,2022-03-14,2022-03-14,2022-03-14,2022-03-14,2022-03-14,2022-03-14,2022-03-14,2022-03-14,2021-08-15,2021-08-15,2022-03-14,2022-03-14,2022-03-14,2021-08-15,2022-02-14,2022-03-14,2022-03-14,2022-03-14,11
"California",2022-03-25,11,15,"0",2022-03-14,2022-03-14,2022-03-14,2022-03-14,2022-03-14,2022-03-14,2022-03-14,2022-03-14,2022-03-14,2022-03-14,2021-08-01,2021-08-01,2022-03-14,2022-03-14,2022-03-14,2021-08-01,2021-10-25,2022-03-14,2022-03-14,2022-03-14,11
"Colorado",2022-03-25,11,0,"0",2022-03-14,2022-03-14,2022-03-14,2022-03-14,2022-03-14,2022-03-14,2022-03-14,2022-03-14,2022-03-14,2022-03-14,,,2022-03-14,2022-03-14,2022-03-14,,2021-10-19,2022-03-14,2022-03-14,2022-03-14,11
"Connecticut",2022-03-25,11,3,"0",2022-03-14,2022-03-14,2022-03-14,2022-03-14,2022-03-14,2022-03-14,2022-03-14,2022-03-14,2022-03-14,2022-03-14,2021-03-15,,2022-03-14,2022-03-14,2022-03-14,2021-02-04,2021-12-10,2022-03-14,2022-03-14,2022-03-14,11
"Washington DC",2022-03-25,11,0,"0",2022-03-14,2022-03-14,2022-03-14,2022-03-14,2022-03-14,2022-03-14,2022-03-14,2022-03-14,2022-03-14,2022-03-14,2020-11-23,2020-11-23,2022-03-14,2022-03-14,2022-03-14,2020-11-23,2020-11-23,2022-03-14,2022-03-14,2022-03-14,11
"Delaware",2022-03-25,11,4,"2",2022-03-14,2022-03-14,2022-03-14,2022-03-14,2022-03-14,2022-03-14,2022-03-14,2022-03-14,2022-03-14,2022-03-14,2021-05-16,2021-05-16,2022-03-14,2022-03-14,2022-03-14,2021-05-16,2021-10-25,2022-03-14,2022-03-14,2022-03-14,11.125
"Florida",2022-03-25,11,2,"0",2022-03-14,2022-03-14,2022-03-14,2022-03-14,2022-03-14,2022-03-14,2022-03-14,2022-03-14,2022-03-14,2022-03-14,2021-08-16,2021-08-16,2022-03-14,2022-03-14,2022-03-14,2021-08-16,2022-03-15,2022-03-14,2022-03-14,2022-03-14,11
"Hawaii",2022-03-25,11,2,"1",2022-03-14,2022-03-14,2022-03-14,2022-03-14,2022-03-14,2022-03-14,2022-03-14,2022-03-14,2022-03-14,2022-03-14,2021-07-19,2021-07-19,2022-03-14,2022-03-14,2022-03-14,2021-07-19,2021-10-16,2022-03-14,2022-03-14,2022-03-14,11.0625
"Iowa",2022-03-25,11,7,"0",2022-03-14,2022-03-14,2022-03-14,2022-03-14,2022-03-14,2022-03-14,2022-03-14,2022-03-14,2022-03-14,2022-03-14,2020-08-19,2020-08-19,2022-03-14,2022-03-14,2022-03-14,2020-08-11,2021-11-01,2022-03-14,2022-03-14,2022-03-14,11
"Idaho",2022-03-25,11,0,"23",2022-03-14,2022-03-14,2022-03-14,2022-03-14,2022-03-14,2022-03-14,2022-03-14,2022-03-14,2022-03-14,2022-03-14,,,2022-03-14,2022-03-14,2022-03-14,2020-03-06,2022-02-14,2022-03-14,2022-03-14,2022-03-14,12.4375
"Illinois",2022-03-25,11,13,"0",2022-03-14,2022-03-14,2022-03-14,2022-03-14,2022-03-14,2022-03-14,2022-03-14,2022-03-14,2022-03-14,2022-03-14,2021-08-16,2021-08-16,2022-03-14,2022-03-14,2022-03-14,2021-08-16,2021-09-27,2022-03-14,2022-03-14,2022-03-14,11
"Indiana",2022-03-25,11,17,"0",2022-03-14,2022-03-14,2022-03-14,2022-03-14,2022-03-14,2022-03-14,2022-03-14,2022-03-14,2022-03-14,2022-03-14,2021-08-08,2021-08-08,2022-03-14,2022-03-14,2022-03-14,2021-08-08,2021-10-11,2022-03-14,2022-03-14,2022-03-14,11
"Kansas",2022-03-25,11,4,"9",2022-03-14,2022-03-14,2022-03-14,2022-03-14,2022-03-14,2022-03-14,2022-03-14,2022-03-14,2022-03-14,2022-03-14,,,2022-03-14,2022-03-14,2022-03-14,,2022-02-07,2022-03-14,2022-03-14,2022-03-14,11.5625
"Kentucky",2022-03-25,11,0,"0",2022-03-14,2022-03-14,2022-03-14,2022-03-14,2022-03-14,2022-03-14,2022-03-14,2022-03-14,2022-03-14,2022-03-14,2021-02-22,2021-02-22,2022-03-14,2022-03-14,2022-03-14,2021-02-22,2022-02-01,2022-03-14,2022-03-14,2022-03-14,11
"Massachusetts",2022-03-25,11,14,"0",2022-03-14,2022-03-14,2022-03-14,2022-03-14,2022-03-14,2022-03-14,2022-03-14,2022-03-14,2022-03-14,2022-03-14,2021-06-30,2021-06-30,2022-03-14,2022-03-14,2022-03-14,2021-06-14,2021-06-14,2022-03-14,2022-03-14,2022-03-14,11
"Maryland",2022-03-25,11,2,"12",2022-03-14,2022-03-14,2022-03-14,2022-03-14,2022-03-14,2022-03-14,2022-03-14,2022-03-14,2022-03-14,2022-03-14,2021-02-12,2020-12-07,2022-03-14,2022-03-14,2022-03-14,2020-12-07,2020-12-07,2022-03-14,2022-03-14,2022-03-14,11.75
"Maine",2022-03-25,11,5,"1",2022-03-14,2022-03-14,2022-03-14,2022-03-14,2022-03-14,2022-03-14,2022-03-14,2022-03-14,2022-03-14,2022-03-14,2021-03-22,2021-03-22,2022-03-14,2022-03-14,2022-03-14,2021-03-22,2021-03-22,2022-03-14,2022-03-14,2022-03-14,11.0625
"Minnesota",2022-03-25,11,13,"12",2022-03-14,2022-03-14,2022-03-14,2022-03-14,2022-03-14,2022-03-14,2022-03-14,2022-03-14,2022-03-14,2022-03-14,2020-12-06,2020-12-06,2022-03-14,2022-03-14,2022-03-14,2020-12-06,2020-12-06,2022-03-14,2022-03-14,2022-03-14,11.75
"Missouri",2022-03-25,11,0,"0",2022-03-14,2022-03-14,2022-03-14,2022-03-14,2022-03-14,2022-03-14,2022-03-14,2022-03-14,2022-03-14,2022-03-14,2020-08-26,,2022-03-14,2022-03-14,2022-03-14,,2022-02-28,2022-03-14,2022-03-14,2022-03-14,11
"Mississippi",2022-03-25,11,0,"1",2022-03-14,2022-03-14,2022-03-14,2022-03-14,2022-03-14,2022-03-14,2022-03-14,2022-03-14,2022-03-14,2022-03-14,,,2022-03-14,2022-03-14,2022-03-14,,2022-03-08,2022-03-14,2022-03-14,2022-03-14,11.0625
"North Carolina",2022-03-25,11,3,"1",2022-03-14,2022-03-14,2022-03-14,2022-03-14,2022-03-14,2022-03-14,2022-03-14,2022-03-14,2022-03-14,2022-03-14,,,2022-03-14,2022-03-14,2022-03-14,,,2022-03-14,2022-03-14,2022-03-14,11.0625
"North Dakota",2022-03-25,11,16,"0",2022-03-14,2022-03-14,2022-03-14,2022-03-14,2022-03-14,2022-03-14,2022-03-14,2022-03-14,2022-03-14,2022-03-14,,,2022-03-14,2022-03-14,2022-03-14,,2021-10-07,2022-03-14,2022-03-14,2022-03-14,11
"Nebraska",2022-03-25,11,4,"0",2022-03-14,2022-03-14,2022-03-14,2022-03-14,2022-03-14,2022-03-14,2022-03-14,2022-03-14,2022-03-14,2022-03-14,,,2022-03-14,2022-03-14,2022-03-14,,2021-09-20,2022-03-14,2022-03-14,2022-03-14,11
"New Hampshire",2022-03-25,11,8,"5",2022-03-14,2022-03-14,2022-03-14,2022-03-14,2022-03-14,2022-03-14,2022-03-14,2022-03-14,2022-03-14,2022-03-14,,,2022-03-14,2022-03-14,2022-03-14,,2022-01-18,2022-03-14,2022-03-14,2022-03-14,11.3125
"New Jersey",2022-03-25,11,15,"2",2022-03-14,2022-03-14,2022-03-14,2022-03-14,2022-03-14,2022-03-14,2022-03-14,2022-03-14,2022-03-14,2022-03-14,,,2022-03-14,2022-03-14,2022-03-14,2020-12-21,2020-12-21,2022-03-14,2022-03-14,2022-03-14,11.125
"New Mexico",2022-03-25,11,9,"0",2022-03-14,2022-03-14,2022-03-14,2022-03-14,2022-03-14,2022-03-14,2022-03-14,2022-03-14,2022-03-14,2022-03-14,2021-07-06,2021-07-06,2022-03-14,2022-03-14,2022-03-14,2021-07-06,2021-11-15,2022-03-14,2022-03-14,2022-03-14,11
"New York",2022-03-25,11,0,"0",2022-03-14,2022-03-14,2022-03-14,2022-03-14,2022-03-14,2022-03-14,2022-03-14,2022-03-14,2022-03-14,2022-03-14,2020-11-30,2020-11-30,2022-03-14,2022-03-14,2022-03-14,2020-11-30,2020-11-30,2022-03-14,2022-03-14,2022-03-14,11
"Ohio",2022-03-25,11,3,"0",2022-03-14,2022-03-14,2022-03-14,2022-03-14,2022-03-14,2022-03-14,2022-03-14,2022-03-14,2022-03-14,2022-03-14,,,2022-03-14,2022-03-14,2022-03-14,,,2022-03-14,2022-03-14,2022-03-14,11
"Oklahoma",2022-03-25,11,12,"0",2022-03-14,2022-03-14,2022-03-14,2022-03-14,2022-03-14,2022-03-14,2022-03-14,2022-03-14,2022-03-14,2022-03-14,2021-08-02,2021-08-02,2022-03-14,2022-03-14,2022-03-14,2021-08-02,2021-10-11,2022-03-14,2022-03-14,2022-03-14,11
"Oregon",2022-03-25,11,13,"0",2022-03-14,2022-03-14,2022-03-14,2022-03-14,2022-03-14,2022-03-14,2022-03-14,2022-03-14,2022-03-14,2022-03-14,2021-04-11,2021-04-11,2022-03-14,2022-03-14,2022-03-14,2021-06-28,2021-11-22,2022-03-14,2022-03-14,2022-03-14,11
"Pennsylvania",2022-03-25,11,0,"0",2022-03-14,2022-03-14,2022-03-14,2022-03-14,2022-03-14,2022-03-14,2022-03-14,2022-03-14,2022-03-14,2022-03-14,2021-05-08,2021-05-08,2022-03-14,2022-03-14,2022-03-14,2021-05-08,2022-01-18,2022-03-14,2022-03-14,2022-03-14,11
"Rhode Island",2022-03-25,11,0,"14",2022-03-14,2022-03-14,2022-03-14,2022-03-14,2022-03-14,2022-03-14,2022-03-14,2022-03-14,2022-03-14,2022-03-14,,,2022-03-14,2022-03-14,2022-03-14,,2022-01-24,2022-03-14,2022-03-14,2022-03-14,11.875
"South Dakota",2022-03-25,11,1,"0",2022-03-14,2022-03-14,2022-03-14,2022-03-14,2022-03-14,2022-03-14,2022-03-14,2022-03-14,2022-03-14,2022-03-14,2021-02-01,2021-02-01,2022-03-14,2022-03-14,2022-03-14,2020-12-07,2022-03-09,2022-03-14,2022-03-14,2022-03-14,11
"Texas",2022-03-25,11,0,"1",2022-03-14,2022-03-14,2022-03-14,2022-03-14,2022-03-14,2022-03-14,2022-03-14,2022-03-14,2022-03-14,2022-03-14,2021-08-02,2021-08-02,2022-03-14,2022-03-14,2022-03-14,2021-08-02,2022-03-01,2022-03-14,2022-03-14,2022-03-14,11.0625
"Utah",2022-03-25,11,0,"30",2022-03-14,2022-03-14,2022-03-14,2022-03-14,2022-03-14,2022-03-14,2022-03-14,2022-03-14,2022-03-14,2022-03-14,2021-07-07,2021-07-07,2022-03-14,2022-03-14,2022-03-14,2021-07-08,2022-03-14,2022-03-14,2022-03-14,2022-03-14,12.875
"Vermont",2022-03-25,11,2,"4",2022-03-14,2022-03-14,2022-03-14,2022-03-14,2022-03-14,2022-03-14,2022-03-14,2022-03-14,2022-03-14,2022-03-14,,,2022-03-14,2022-03-14,2022-03-14,,,2022-03-14,2022-03-14,2022-03-14,11.25
"Washington",2022-03-25,11,0,"0",2022-03-14,2022-03-14,2022-03-14,2022-03-14,2022-03-14,2022-03-14,2022-03-14,2022-03-14,2022-03-14,2022-03-14,2021-04-05,2021-04-05,2022-03-14,2022-03-14,2022-03-14,2021-08-06,2021-11-03,2022-03-14,2022-03-14,2022-03-14,11
"Wisconsin",2022-03-25,11,0,"7",2022-03-14,2022-03-14,2022-03-14,2022-03-14,2022-03-14,2022-03-14,2022-03-14,2022-03-14,2022-03-14,2022-03-14,2021-08-08,2021-08-08,2022-03-14,2022-03-14,2022-03-14,2021-08-08,2022-02-21,2022-03-14,2022-03-14,2022-03-14,11.4375
"West Virginia",2022-03-25,11,1,"16",2022-03-14,2022-03-14,2022-03-14,2022-03-14,2022-03-14,2022-03-14,2022-03-14,2022-03-14,2022-03-14,2022-03-14,2021-07-19,2021-07-19,2022-03-14,2022-03-14,2022-03-14,2021-08-16,2022-03-21,2022-03-14,2022-03-14,2022-03-14,12
"Wyoming",2022-03-25,11,3,"0",2022-03-14,2022-03-14,2022-03-14,2022-03-14,2022-03-14,2022-03-14,2022-03-14,2022-03-14,2022-03-14,2022-03-14,2020-08-06,2020-08-06,2022-03-14,2022-03-14,2022-03-14,,2020-07-24,2022-03-14,2022-03-14,2022-03-14,11
"National Government",2022-03-25,9,4,"0",2022-03-16,2022-03-16,2022-03-16,2022-03-16,2022-03-16,2022-03-16,2022-03-16,2022-03-16,2022-03-16,2022-03-16,2021-07-05,2021-07-05,2022-03-16,2022-03-16,2022-03-16,2021-07-05,2021-12-01,2022-03-16,2022-03-16,2022-03-16,9
